country_code,year,co2_mt,co2_per_capita
AR,1900,2.026,0.432
AR,1901,2.408,0.496
AR,1902,2.555,0.507
AR,1903,2.923,0.559
AR,1904,3.739,0.689
AR,1905,4.655,0.826
AR,1906,6.214,1.062
AR,1907,5.458,0.898
AR,1908,5.895,0.935
AR,1909,5.465,0.837
AR,1910,6.925,1.026
AR,1911,8.445,1.214
AR,1912,8.567,1.198
AR,1913,9.347,1.273
AR,1914,8.294,1.101
AR,1915,5.522,0.714
AR,1916,4.215,0.531
AR,1917,2.411,0.296
AR,1918,1.569,0.188
AR,1919,3.41,0.397
AR,1920,5.609,0.636
AR,1921,4.761,0.525
AR,1922,6.056,0.649
AR,1923,7.343,0.764
AR,1924,9.864,0.996
AR,1925,10.157,0.996
AR,1926,10.323,0.983
AR,1927,12.499,1.156
AR,1928,12.191,1.094
AR,1929,12.607,1.102
AR,1930,12.338,1.052
AR,1931,12.466,1.04
AR,1932,12.898,1.055
AR,1933,13.524,1.087
AR,1934,14.66,1.158
AR,1935,14.432,1.12
AR,1936,15.317,1.168
AR,1937,16.408,1.229
AR,1938,16.175,1.191
AR,1939,16.485,1.192
AR,1940,15.648,1.111
AR,1941,13.94,0.972
AR,1942,13.479,0.922
AR,1943,14.077,0.945
AR,1944,13.952,0.919
AR,1945,13.666,0.883
AR,1946,13.702,0.869
AR,1947,14.515,0.903
AR,1948,17.392,1.061
AR,1949,15.365,0.92
AR,1950,29.921,1.758
AR,1951,34.963,2.014
AR,1952,36.099,2.04
AR,1953,35.135,1.947
AR,1954,36.75,1.999
AR,1955,39.56,2.114
AR,1956,44.297,2.325
AR,1957,47.608,2.456
AR,1958,44.193,2.242
AR,1959,48.949,2.441
AR,1960,48.764,2.392
AR,1961,51.127,2.467
AR,1962,53.64,2.545
AR,1963,50.033,2.336
AR,1964,55.67,2.557
AR,1965,58.805,2.659
AR,1966,63.073,2.809
AR,1967,65.476,2.872
AR,1968,69.009,2.981
AR,1969,77.249,3.286
AR,1970,82.648,3.461
AR,1971,88.85,3.663
AR,1972,90.073,3.655
AR,1973,93.984,3.752
AR,1974,95.492,3.75
AR,1975,94.86,3.666
AR,1976,99.718,3.794
AR,1977,100.729,3.772
AR,1978,102.583,3.781
AR,1979,110.649,4.014
AR,1980,108.695,3.88
AR,1981,102.009,3.584
AR,1982,103.388,3.574
AR,1983,105.182,3.579
AR,1984,106.492,3.566
AR,1985,100.569,3.315
AR,1986,104.199,3.382
AR,1987,114.936,3.673
AR,1988,121.464,3.822
AR,1989,117.067,3.628
AR,1990,112.188,3.425
AR,1991,117.727,3.543
AR,1992,121.514,3.606
AR,1993,118.021,3.456
AR,1994,118.507,3.424
AR,1995,125.415,3.576
AR,1996,131.446,3.701
AR,1997,136.617,3.8
AR,1998,139.505,3.835
AR,1999,148.345,4.032
AR,2000,143.355,3.852
AR,2001,135.004,3.588
AR,2002,124.93,3.285
AR,2003,134.421,3.498
AR,2004,157.235,4.051
AR,2005,161.728,4.124
AR,2006,174.342,4.4
AR,2007,173.764,4.342
AR,2008,187.596,4.641
AR,2009,178.378,4.366
AR,2010,186.121,4.508
AR,2011,189.884,4.55
AR,2012,191.715,4.547
AR,2013,189.525,4.451
AR,2014,188.539,4.382
AR,2015,191.809,4.412
AR,2016,190.02,4.328
AR,2017,187.068,4.224
AR,2018,182.483,4.087
AR,2019,180.428,4.012
AR,2020,164.613,3.643
AR,2021,190.197,4.197
AR,2022,183.768,4.047
AR,2023,178.407,3.918
AR,2024,171.059,3.743
AU,1900,10.168,2.753
AU,1901,11.439,3.046
AU,1902,11.395,2.986
AU,1903,11.224,2.897
AU,1904,11.544,2.934
AU,1905,12.052,3.016
AU,1906,14.358,3.538
AU,1907,15.487,3.758
AU,1908,16.792,4.012
AU,1909,14.58,3.427
AU,1910,17.707,4.09
AU,1911,19.527,4.429
AU,1912,21.211,4.72
AU,1913,22.801,4.973
AU,1914,24.922,5.328
AU,1915,22.269,4.666
AU,1916,19.854,4.078
AU,1917,21.334,4.295
AU,1918,23.365,4.609
AU,1919,22.185,4.29
AU,1920,26.306,4.988
AU,1921,23.785,4.423
AU,1922,24.922,4.547
AU,1923,25.684,4.598
AU,1924,28.191,4.953
AU,1925,29.632,5.109
AU,1926,29.587,5.006
AU,1927,31.269,5.192
AU,1928,29.019,4.728
AU,1929,26.906,4.311
AU,1930,25.899,4.09
AU,1931,22.551,3.517
AU,1932,23.051,3.557
AU,1933,24.782,3.792
AU,1934,26.209,3.976
AU,1935,28.958,4.356
AU,1936,31.514,4.701
AU,1937,33.756,4.992
AU,1938,33.697,4.942
AU,1939,37.984,5.515
AU,1940,35.346,5.073
AU,1941,39.335,5.572
AU,1942,42.027,5.867
AU,1943,41.194,5.659
AU,1944,41.027,5.547
AU,1945,39.16,5.21
AU,1946,42.74,5.596
AU,1947,44.777,5.769
AU,1948,47.013,5.961
AU,1949,48.064,5.989
AU,1950,55.636,6.804
AU,1951,61.051,7.252
AU,1952,62.406,7.231
AU,1953,63.003,7.146
AU,1954,67.921,7.547
AU,1955,71.946,7.816
AU,1956,75.471,8.008
AU,1957,75.474,7.83
AU,1958,77.929,7.913
AU,1959,83.068,8.257
AU,1960,87.441,8.505
AU,1961,87.008,8.286
AU,1962,90.909,8.49
AU,1963,95.995,8.796
AU,1964,103.545,9.305
AU,1965,113.606,10.003
AU,1966,115.736,9.984
AU,1967,122.281,10.354
AU,1968,128.768,10.704
AU,1969,136.414,11.115
AU,1970,147.863,11.736
AU,1971,151.118,11.626
AU,1972,153.598,11.544
AU,1973,170.142,12.586
AU,1974,166.183,12.113
AU,1975,173.102,12.459
AU,1976,169.803,12.088
AU,1977,181.913,12.808
AU,1978,191.052,13.298
AU,1979,192.322,13.233
AU,1980,204.37,13.883
AU,1981,213.81,14.302
AU,1982,218.001,14.349
AU,1983,207.645,13.47
AU,1984,217.515,13.925
AU,1985,224.557,14.18
AU,1986,224.04,13.942
AU,1987,234.598,14.373
AU,1988,240.737,14.507
AU,1989,256.838,15.225
AU,1990,278.061,16.236
AU,1991,279.437,16.103
AU,1992,284.433,16.208
AU,1993,288.78,16.294
AU,1994,293.613,16.405
AU,1995,304.962,16.853
AU,1996,311.851,17.036
AU,1997,320.243,17.306
AU,1998,334.038,17.861
AU,1999,343.876,18.185
AU,2000,349.898,18.288
AU,2001,357.668,18.469
AU,2002,362.425,18.495
AU,2003,370.784,18.708
AU,2004,382.005,19.056
AU,2005,385.082,18.975
AU,2006,391.373,19.007
AU,2007,398.896,19.036
AU,2008,404.279,18.918
AU,2009,406.977,18.683
AU,2010,405.026,18.293
AU,2011,403.874,17.966
AU,2012,405.005,17.722
AU,2013,397.85,17.122
AU,2014,392.61,16.639
AU,2015,400.589,16.727
AU,2016,409.666,16.838
AU,2017,413.408,16.716
AU,2018,414.781,16.512
AU,2019,414.925,16.283
AU,2020,398.547,15.481
AU,2021,388.472,14.966
AU,2022,384.078,14.659
AU,2023,384.316,14.529
AU,2024,386.732,14.477
BD,1946,0.117,0.003
BD,1947,0.121,0.003
BD,1948,0.134,0.003
BD,1949,0.19,0.005
BD,1950,0.993,0.024
BD,1951,1.226,0.029
BD,1952,1.295,0.03
BD,1953,1.318,0.03
BD,1954,1.339,0.03
BD,1955,1.379,0.03
BD,1956,1.634,0.035
BD,1957,1.689,0.035
BD,1958,1.896,0.039
BD,1959,1.84,0.036
BD,1960,2.212,0.043
BD,1961,2.29,0.043
BD,1962,2.517,0.046
BD,1963,2.893,0.051
BD,1964,2.975,0.051
BD,1965,3.121,0.052
BD,1966,3.176,0.052
BD,1967,3.371,0.053
BD,1968,3.866,0.059
BD,1969,3.749,0.056
BD,1970,3.803,0.055
BD,1971,3.606,0.051
BD,1972,3.506,0.049
BD,1973,4.55,0.062
BD,1974,4.653,0.061
BD,1975,4.857,0.062
BD,1976,5.556,0.07
BD,1977,5.785,0.071
BD,1978,5.984,0.071
BD,1979,6.613,0.077
BD,1980,7.597,0.086
BD,1981,7.886,0.087
BD,1982,8.552,0.092
BD,1983,8.188,0.086
BD,1984,9.077,0.093
BD,1985,10.189,0.102
BD,1986,11.406,0.111
BD,1987,11.8,0.112
BD,1988,13.478,0.126
BD,1989,13.382,0.122
BD,1990,14.082,0.126
BD,1991,14.753,0.13
BD,1992,15.391,0.133
BD,1993,16.074,0.136
BD,1994,17.553,0.146
BD,1995,21.056,0.172
BD,1996,21.507,0.172
BD,1997,23.144,0.182
BD,1998,23.216,0.179
BD,1999,25.093,0.19
BD,2000,26.539,0.197
BD,2001,31.064,0.227
BD,2002,32.007,0.23
BD,2003,33.496,0.238
BD,2004,35.978,0.252
BD,2005,37.717,0.261
BD,2006,41.726,0.285
BD,2007,42.675,0.288
BD,2008,45.341,0.303
BD,2009,49.188,0.326
BD,2010,54.036,0.355
BD,2011,55.593,0.362
BD,2012,59.704,0.385
BD,2013,64.763,0.414
BD,2014,67.552,0.428
BD,2015,76.946,0.483
BD,2016,81.761,0.508
BD,2017,86.531,0.534
BD,2018,86.608,0.53
BD,2019,94.808,0.575
BD,2020,95.729,0.576
BD,2021,98.53,0.588
BD,2022,102.147,0.603
BD,2023,104.527,0.61
BD,2024,108.318,0.624
BR,1900,2.272,0.126
BR,1901,2.315,0.125
BR,1902,2.555,0.135
BR,1903,2.442,0.127
BR,1904,2.639,0.134
BR,1905,2.872,0.143
BR,1906,3.248,0.158
BR,1907,3.722,0.177
BR,1908,3.73,0.174
BR,1909,3.826,0.175
BR,1910,4.585,0.205
BR,1911,5.384,0.236
BR,1912,5.478,0.235
BR,1913,6.107,0.256
BR,1914,4.658,0.191
BR,1915,3.212,0.129
BR,1916,2.735,0.108
BR,1917,2.84,0.11
BR,1918,2.657,0.1
BR,1919,2.968,0.11
BR,1920,3.964,0.144
BR,1921,2.887,0.102
BR,1922,4.027,0.14
BR,1923,4.793,0.163
BR,1924,5.319,0.178
BR,1925,5.342,0.175
BR,1926,5.47,0.175
BR,1927,6.039,0.19
BR,1928,6.083,0.187
BR,1929,6.337,0.191
BR,1930,5.788,0.171
BR,1931,4.773,0.138
BR,1932,4.78,0.136
BR,1933,5.177,0.144
BR,1934,5.158,0.141
BR,1935,5.378,0.144
BR,1936,5.617,0.147
BR,1937,6.731,0.173
BR,1938,7.179,0.181
BR,1939,5.615,0.138
BR,1940,5.654,0.136
BR,1941,6.281,0.148
BR,1942,5.867,0.134
BR,1943,6.475,0.144
BR,1944,5.896,0.128
BR,1945,6.823,0.144
BR,1946,7.46,0.154
BR,1947,8.947,0.18
BR,1948,7.847,0.154
BR,1949,7.367,0.14
BR,1950,19.659,0.368
BR,1951,21.659,0.394
BR,1952,24.934,0.44
BR,1953,25.218,0.432
BR,1954,29.676,0.493
BR,1955,34.024,0.548
BR,1956,36.608,0.572
BR,1957,35.977,0.545
BR,1958,39.054,0.574
BR,1959,39.017,0.556
BR,1960,46.852,0.647
BR,1961,49.135,0.659
BR,1962,53.611,0.697
BR,1963,55.519,0.701
BR,1964,56.621,0.695
BR,1965,56.273,0.671
BR,1966,64.154,0.745
BR,1967,66.022,0.746
BR,1968,77.21,0.851
BR,1969,84.072,0.904
BR,1970,93.467,0.98
BR,1971,102.314,1.047
BR,1972,113.992,1.138
BR,1973,132.029,1.287
BR,1974,142.981,1.361
BR,1975,150.287,1.396
BR,1976,154.562,1.402
BR,1977,162.314,1.438
BR,1978,177.061,1.532
BR,1979,187.728,1.586
BR,1980,186.127,1.536
BR,1981,171.262,1.38
BR,1982,171.439,1.351
BR,1983,165.851,1.278
BR,1984,167.524,1.263
BR,1985,180.065,1.329
BR,1986,197.183,1.425
BR,1987,205.912,1.459
BR,1988,207.64,1.444
BR,1989,212.016,1.447
BR,1990,218.658,1.466
BR,1991,229.394,1.512
BR,1992,233.601,1.514
BR,1993,244.306,1.558
BR,1994,254.002,1.595
BR,1995,268.678,1.661
BR,1996,289.311,1.762
BR,1997,306.949,1.842
BR,1998,317.359,1.876
BR,1999,327.256,1.907
BR,2000,340.183,1.955
BR,2001,346.166,1.963
BR,2002,347.765,1.948
BR,2003,344.645,1.908
BR,2004,361.434,1.979
BR,2005,364.371,1.973
BR,2006,368.871,1.976
BR,2007,390.573,2.071
BR,2008,412.638,2.168
BR,2009,389.775,2.029
BR,2010,440.269,2.273
BR,2011,461.911,2.365
BR,2012,497.468,2.527
BR,2013,531.569,2.678
BR,2014,556.526,2.781
BR,2015,528.174,2.619
BR,2016,491.745,2.42
BR,2017,497.255,2.429
BR,2018,476.601,2.312
BR,2019,476.724,2.298
BR,2020,447.999,2.147
BR,2021,496.562,2.37
BR,2022,480.058,2.283
BR,2023,483.992,2.292
BR,2024,483.012,2.278
CA,1900,20.628,3.81
CA,1901,23.845,4.315
CA,1902,25.648,4.531
CA,1903,27.96,4.807
CA,1904,33.097,5.538
CA,1905,35.387,5.762
CA,1906,37.387,5.925
CA,1907,46.991,7.247
CA,1908,47.408,7.115
CA,1909,45.386,6.639
CA,1910,51.622,7.371
CA,1911,60.269,8.413
CA,1912,67.271,9.193
CA,1913,79.282,10.622
CA,1914,68.381,8.982
CA,1915,61.116,7.87
CA,1916,76.457,9.652
CA,1917,85.243,10.55
CA,1918,89.519,10.857
CA,1919,76.09,9.049
CA,1920,84.378,9.844
CA,1921,80.483,9.217
CA,1922,69.209,7.784
CA,1923,92.981,10.275
CA,1924,77.384,8.403
CA,1925,75.248,8.028
CA,1926,84.756,8.885
CA,1927,91.999,9.477
CA,1928,93.777,9.491
CA,1929,99.03,9.862
CA,1930,94.348,9.258
CA,1931,75.849,7.343
CA,1932,70.207,6.715
CA,1933,69.483,6.574
CA,1934,79.913,7.479
CA,1935,78.796,7.295
CA,1936,86.163,7.891
CA,1937,93.483,8.47
CA,1938,85.544,7.667
CA,1939,95.004,8.41
CA,1940,108.622,9.484
CA,1941,120.152,10.332
CA,1942,131.077,11.084
CA,1943,138.062,11.465
CA,1944,140.407,11.45
CA,1945,130.521,10.453
CA,1946,138.422,10.886
CA,1947,143.548,11.087
CA,1948,158.507,12.022
CA,1949,145.022,10.783
CA,1950,154.134,11.216
CA,1951,162.682,11.551
CA,1952,159.409,11.007
CA,1953,160.612,10.781
CA,1954,162.968,10.638
CA,1955,169.477,10.775
CA,1956,189.802,11.745
CA,1957,182.815,10.986
CA,1958,182.155,10.65
CA,1959,184.481,10.532
CA,1960,192.716,10.767
CA,1961,194.001,10.623
CA,1962,206.991,11.12
CA,1963,210.911,11.121
CA,1964,237.578,12.296
CA,1965,251.917,12.797
CA,1966,259.074,12.919
CA,1967,281.637,13.8
CA,1968,303.261,14.626
CA,1969,307.119,14.599
CA,1970,341.232,15.916
CA,1971,352.317,16.091
CA,1972,380.814,17.13
CA,1973,381.299,16.937
CA,1974,389.632,17.071
CA,1975,396.79,17.141
CA,1976,398.966,17.009
CA,1977,407.79,17.184
CA,1978,415.532,17.329
CA,1979,441.684,18.223
CA,1980,442.843,18.05
CA,1981,429.622,17.292
CA,1982,414.455,16.486
CA,1983,408.335,16.068
CA,1984,425.237,16.565
CA,1985,421.726,16.266
CA,1986,404.715,15.441
CA,1987,430.982,16.238
CA,1988,455.673,16.922
CA,1989,462.889,16.915
CA,1990,458.018,16.482
CA,1991,449.776,15.974
CA,1992,463.393,16.259
CA,1993,464.072,16.096
CA,1994,478.468,16.415
CA,1995,491.305,16.678
CA,1996,507.775,17.058
CA,1997,522.019,17.366
CA,1998,529.615,17.462
CA,1999,543.859,17.774
CA,2000,566.68,18.344
CA,2001,558.981,17.908
CA,2002,564.256,17.893
CA,2003,581.19,18.255
CA,2004,576.286,17.935
CA,2005,570.396,17.583
CA,2006,566.315,17.287
CA,2007,589.956,17.828
CA,2008,574.214,17.167
CA,2009,541.13,15.997
CA,2010,554.307,16.209
CA,2011,562.832,16.288
CA,2012,561.77,16.086
CA,2013,568.59,16.11
CA,2014,564.938,15.854
CA,2015,563.003,15.655
CA,2016,553.707,15.231
CA,2017,566.66,15.395
CA,2018,575.091,15.42
CA,2019,579.007,15.325
CA,2020,524.208,13.733
CA,2021,537.479,13.977
CA,2022,547.658,14.107
CA,2023,545.479,13.88
CA,2024,533.34,13.42
CN,1907,19.894,0.048
CN,1908,22.736,0.055
CN,1909,24.252,0.058
CN,1910,25.009,0.06
CN,1911,24.631,0.058
CN,1912,17.029,0.04
CN,1913,24.252,0.056
CN,1914,26.718,0.061
CN,1915,25.421,0.058
CN,1916,30.131,0.068
CN,1917,32.023,0.071
CN,1918,34.748,0.076
CN,1919,37.997,0.083
CN,1920,40.278,0.087
CN,1921,38.763,0.083
CN,1922,39.972,0.085
CN,1923,46.518,0.099
CN,1924,48.846,0.103
CN,1925,45.955,0.097
CN,1926,43.66,0.092
CN,1927,45.809,0.096
CN,1928,47.591,0.099
CN,1929,48.282,0.1
CN,1930,49.558,0.103
CN,1931,51.905,0.107
CN,1932,50.269,0.103
CN,1933,54.111,0.11
CN,1934,62.383,0.126
CN,1935,72.646,0.146
CN,1936,75.477,0.151
CN,1937,70.969,0.141
CN,1938,61.366,0.121
CN,1939,74.427,0.146
CN,1940,90.791,0.178
CN,1941,113.979,0.222
CN,1942,127.613,0.247
CN,1943,108.995,0.21
CN,1944,103.004,0.197
CN,1945,55.892,0.106
CN,1946,36.107,0.068
CN,1947,41.836,0.079
CN,1948,38.4,0.072
CN,1949,62.081,0.115
CN,1950,78.835,0.145
CN,1951,102.115,0.184
CN,1952,128.003,0.227
CN,1953,133.786,0.232
CN,1954,160.881,0.273
CN,1955,190.521,0.316
CN,1956,215.828,0.35
CN,1957,255.789,0.406
CN,1958,524.624,0.814
CN,1959,720.163,1.103
CN,1960,798.811,1.22
CN,1961,570.641,0.87
CN,1962,459.625,0.691
CN,1963,456.787,0.667
CN,1964,460.644,0.654
CN,1965,500.294,0.692
CN,1966,549.467,0.74
CN,1967,460.233,0.605
CN,1968,495.514,0.634
CN,1969,607.694,0.758
CN,1970,807.964,0.981
CN,1971,909.21,1.077
CN,1972,968.636,1.122
CN,1973,1008.269,1.142
CN,1974,1028.063,1.142
CN,1975,1183.154,1.291
CN,1976,1226.339,1.318
CN,1977,1340.715,1.421
CN,1978,1492.517,1.561
CN,1979,1525.417,1.574
CN,1980,1494.298,1.52
CN,1981,1476.28,1.48
CN,1982,1606.239,1.585
CN,1983,1693.747,1.646
CN,1984,1844.213,1.767
CN,1985,1997.193,1.884
CN,1986,2103.43,1.953
CN,1987,2256.629,2.059
CN,1988,2424.444,2.174
CN,1989,2462.15,2.171
CN,1990,2483.534,2.153
CN,1991,2619.143,2.237
CN,1992,2731.29,2.306
CN,1993,2914.284,2.434
CN,1994,3093.891,2.559
CN,1995,3351.197,2.747
CN,1996,3499.311,2.843
CN,1997,3512.35,2.83
CN,1998,3355.336,2.682
CN,1999,3549.949,2.817
CN,2000,3643.81,2.87
CN,2001,3724.114,2.912
CN,2002,4098.181,3.185
CN,2003,4835.251,3.735
CN,2004,5210.961,4.002
CN,2005,5881.991,4.49
CN,2006,6486.185,4.921
CN,2007,6974.663,5.261
CN,2008,7492.404,5.617
CN,2009,7881.491,5.871
CN,2010,8610.048,6.37
CN,2011,9520.153,6.999
CN,2012,9767.311,7.132
CN,2013,9942.371,7.21
CN,2014,9976.027,7.188
CN,2015,9858.04,7.061
CN,2016,9748.175,6.943
CN,2017,10000.014,7.08
CN,2018,10346.79,7.292
CN,2019,10713.515,7.526
CN,2020,10896.521,7.641
CN,2021,11284.401,7.911
CN,2022,11711.808,8.218
CN,2023,12172.009,8.556
CN,2024,12289.037,8.658
EG,1911,0.011,0.001
EG,1912,0.084,0.007
EG,1913,0.04,0.003
EG,1914,0.308,0.026
EG,1915,0.092,0.008
EG,1916,0.18,0.015
EG,1917,0.421,0.034
EG,1918,0.865,0.069
EG,1919,0.689,0.055
EG,1920,0.454,0.036
EG,1921,0.561,0.044
EG,1922,0.531,0.041
EG,1923,0.469,0.036
EG,1924,0.498,0.037
EG,1925,0.553,0.041
EG,1926,0.531,0.039
EG,1927,0.568,0.041
EG,1928,0.868,0.062
EG,1929,0.923,0.066
EG,1930,1.021,0.072
EG,1931,1.007,0.07
EG,1932,0.952,0.065
EG,1933,0.871,0.059
EG,1934,0.823,0.055
EG,1935,0.746,0.049
EG,1936,0.728,0.047
EG,1937,0.687,0.044
EG,1938,0.878,0.055
EG,1939,2.226,0.138
EG,1940,3.029,0.184
EG,1941,3.952,0.236
EG,1942,3.835,0.223
EG,1943,4.102,0.233
EG,1944,4.358,0.241
EG,1945,4.355,0.234
EG,1946,4.222,0.221
EG,1947,4.413,0.225
EG,1948,6.149,0.306
EG,1949,7.46,0.362
EG,1950,10.233,0.484
EG,1951,10.559,0.489
EG,1952,10.893,0.493
EG,1953,10.779,0.476
EG,1954,11.664,0.503
EG,1955,10.642,0.447
EG,1956,9.942,0.408
EG,1957,11.917,0.477
EG,1958,13.683,0.534
EG,1959,12.707,0.484
EG,1960,16.033,0.596
EG,1961,17.066,0.618
EG,1962,18.571,0.655
EG,1963,21.527,0.74
EG,1964,25.491,0.854
EG,1965,27.609,0.901
EG,1966,26.532,0.845
EG,1967,19.65,0.61
EG,1968,22.873,0.693
EG,1969,19.665,0.582
EG,1970,21.654,0.625
EG,1971,22.977,0.648
EG,1972,25.406,0.701
EG,1973,23.663,0.638
EG,1974,25.972,0.684
EG,1975,30.899,0.795
EG,1976,34.272,0.861
EG,1977,37.616,0.923
EG,1978,39.054,0.935
EG,1979,42.662,0.996
EG,1980,44.918,1.022
EG,1981,50.58,1.12
EG,1982,56.0,1.207
EG,1983,56.38,1.18
EG,1984,62.942,1.278
EG,1985,63.087,1.243
EG,1986,73.378,1.406
EG,1987,73.377,1.367
EG,1988,72.847,1.32
EG,1989,69.94,1.233
EG,1990,72.884,1.248
EG,1991,74.447,1.24
EG,1992,77.419,1.259
EG,1993,90.835,1.444
EG,1994,87.483,1.361
EG,1995,97.968,1.492
EG,1996,97.042,1.448
EG,1997,110.934,1.621
EG,1998,124.256,1.777
EG,1999,126.987,1.776
EG,2000,142.837,1.954
EG,2001,126.372,1.693
EG,2002,128.362,1.684
EG,2003,149.954,1.926
EG,2004,151.917,1.911
EG,2005,166.934,2.058
EG,2006,178.389,2.157
EG,2007,189.201,2.245
EG,2008,195.86,2.281
EG,2009,205.243,2.346
EG,2010,202.704,2.273
EG,2011,221.675,2.434
EG,2012,212.524,2.281
EG,2013,219.087,2.298
EG,2014,227.254,2.33
EG,2015,226.654,2.276
EG,2016,245.164,2.412
EG,2017,253.364,2.443
EG,2018,241.903,2.289
EG,2019,234.06,2.176
EG,2020,246.323,2.253
EG,2021,266.839,2.405
EG,2022,249.899,2.219
EG,2023,250.23,2.185
EG,2024,258.368,2.217
FR,1900,129.277,3.23
FR,1901,125.005,3.12
FR,1902,117.662,2.933
FR,1903,129.343,3.22
FR,1904,125.998,3.133
FR,1905,127.427,3.165
FR,1906,136.568,3.387
FR,1907,145.596,3.607
FR,1908,146.714,3.63
FR,1909,150.096,3.714
FR,1910,150.612,3.733
FR,1911,156.907,3.901
FR,1912,158.578,3.96
FR,1913,171.112,4.298
FR,1914,118.351,2.99
FR,1915,103.233,2.623
FR,1916,109.689,2.804
FR,1917,121.604,3.126
FR,1918,108.451,2.804
FR,1919,116.141,3.012
FR,1920,151.778,3.939
FR,1921,137.909,3.573
FR,1922,163.151,4.21
FR,1923,184.189,4.722
FR,1924,206.635,5.264
FR,1925,213.827,5.412
FR,1926,213.732,5.374
FR,1927,213.04,5.322
FR,1928,211.619,5.253
FR,1929,234.282,5.787
FR,1930,237.634,5.85
FR,1931,217.494,5.345
FR,1932,191.775,4.713
FR,1933,199.387,4.907
FR,1934,201.35,4.963
FR,1935,195.372,4.823
FR,1936,198.079,4.897
FR,1937,217.705,5.39
FR,1938,201.798,5.003
FR,1939,194.617,4.827
FR,1940,137.737,3.415
FR,1941,119.927,2.968
FR,1942,122.496,3.024
FR,1943,125.246,3.081
FR,1944,79.986,1.96
FR,1945,107.166,2.617
FR,1946,165.245,4.02
FR,1947,183.624,4.451
FR,1948,196.501,4.746
FR,1949,229.051,5.506
FR,1950,202.451,4.834
FR,1951,228.945,5.408
FR,1952,227.217,5.311
FR,1953,214.772,4.968
FR,1954,226.601,5.188
FR,1955,239.268,5.421
FR,1956,268.807,6.029
FR,1957,277.882,6.17
FR,1958,266.527,5.859
FR,1959,262.33,5.707
FR,1960,298.396,6.427
FR,1961,318.162,6.785
FR,1962,335.538,7.086
FR,1963,340.422,7.119
FR,1964,371.374,7.686
FR,1965,365.845,7.501
FR,1966,382.836,7.784
FR,1967,407.293,8.216
FR,1968,421.116,8.431
FR,1969,446.578,8.869
FR,1970,463.946,9.13
FR,1971,497.046,9.69
FR,1972,517.593,10.003
FR,1973,542.646,10.403
FR,1974,524.737,9.994
FR,1975,486.023,9.214
FR,1976,527.372,9.958
FR,1977,511.269,9.611
FR,1978,532.682,9.97
FR,1979,536.053,9.99
FR,1980,514.509,9.538
FR,1981,462.596,8.526
FR,1982,443.396,8.123
FR,1983,426.039,7.762
FR,1984,414.656,7.515
FR,1985,407.802,7.352
FR,1986,392.872,7.047
FR,1987,390.135,6.961
FR,1988,387.601,6.877
FR,1989,401.469,7.082
FR,1990,394.904,6.929
FR,1991,419.119,7.318
FR,1992,408.433,7.096
FR,1993,388.89,6.728
FR,1994,381.903,6.585
FR,1995,386.959,6.65
FR,1996,403.352,6.909
FR,1997,396.023,6.762
FR,1998,414.357,7.049
FR,1999,413.07,6.991
FR,2000,407.445,6.85
FR,2001,411.592,6.871
FR,2002,407.027,6.747
FR,2003,412.989,6.799
FR,2004,414.073,6.769
FR,2005,416.343,6.756
FR,2006,406.669,6.554
FR,2007,396.461,6.35
FR,2008,389.794,6.209
FR,2009,371.404,5.885
FR,2010,377.079,5.946
FR,2011,355.127,5.572
FR,2012,358.1,5.59
FR,2013,360.013,5.591
FR,2014,327.809,5.067
FR,2015,332.131,5.116
FR,2016,335.496,5.155
FR,2017,338.368,5.183
FR,2018,323.102,4.931
FR,2019,316.321,4.812
FR,2020,281.515,4.272
FR,2021,307.272,4.65
FR,2022,295.304,4.456
FR,2023,270.263,4.068
FR,2024,264.156,3.969
DE,1900,326.759,5.858
DE,1901,325.557,5.753
DE,1902,319.189,5.558
DE,1903,343.599,5.894
DE,1904,356.122,6.017
DE,1905,382.324,6.364
DE,1906,361.937,5.935
DE,1907,442.183,7.143
DE,1908,446.642,7.108
DE,1909,445.572,7.011
DE,1910,445.367,6.953
DE,1911,458.586,7.128
DE,1912,499.121,7.752
DE,1913,535.083,8.333
DE,1914,497.927,7.776
DE,1915,462.906,7.249
DE,1916,500.697,7.862
DE,1917,524.579,8.26
DE,1918,503.423,7.952
DE,1919,387.428,6.128
DE,1920,429.208,6.783
DE,1921,473.18,7.458
DE,1922,455.461,7.145
DE,1923,331.929,5.173
DE,1924,451.793,6.994
DE,1925,458.066,7.044
DE,1926,413.237,6.312
DE,1927,481.186,7.302
DE,1928,505.011,7.612
DE,1929,539.235,8.074
DE,1930,462.092,6.872
DE,1931,385.965,5.7
DE,1932,347.486,5.096
DE,1933,364.981,5.315
DE,1934,408.62,5.909
DE,1935,452.333,6.495
DE,1936,499.634,7.124
DE,1937,563.513,7.978
DE,1938,601.273,8.453
DE,1939,648.625,9.072
DE,1940,654.325,9.121
DE,1941,660.793,9.197
DE,1942,667.899,9.298
DE,1943,679.43,9.479
DE,1944,600.273,8.392
DE,1945,116.065,1.626
DE,1946,271.682,3.814
DE,1947,317.66,4.469
DE,1948,377.816,5.327
DE,1949,432.148,6.096
DE,1950,510.499,7.309
DE,1951,576.631,8.263
DE,1952,610.757,8.747
DE,1953,623.25,8.912
DE,1954,659.494,9.407
DE,1955,723.231,10.283
DE,1956,765.942,10.847
DE,1957,777.666,10.939
DE,1958,756.119,10.546
DE,1959,755.483,10.458
DE,1960,813.602,11.174
DE,1961,834.506,11.373
DE,1962,882.843,11.931
DE,1963,945.242,12.654
DE,1964,968.632,12.861
DE,1965,959.842,12.635
DE,1966,951.155,12.415
DE,1967,936.013,12.161
DE,1968,984.582,12.734
DE,1969,1051.803,13.494
DE,1970,1025.802,13.117
DE,1971,1037.079,13.237
DE,1972,1041.356,13.229
DE,1973,1085.603,13.748
DE,1974,1062.511,13.45
DE,1975,1002.286,12.735
DE,1976,1090.808,13.92
DE,1977,1052.513,13.462
DE,1978,1079.067,13.814
DE,1979,1117.745,14.303
DE,1980,1099.901,14.045
DE,1981,1048.362,13.364
DE,1982,1015.5,12.954
DE,1983,1011.436,12.93
DE,1984,1033.017,13.244
DE,1985,1043.913,13.407
DE,1986,1047.234,13.439
DE,1987,1032.267,13.224
DE,1988,1028.702,13.124
DE,1989,1008.565,12.766
DE,1990,1054.796,13.233
DE,1991,1016.93,12.664
DE,1992,969.464,11.978
DE,1993,959.386,11.774
DE,1994,943.228,11.535
DE,1995,939.934,11.46
DE,1996,959.69,11.666
DE,1997,931.508,11.306
DE,1998,923.499,11.261
DE,1999,895.442,10.963
DE,2000,898.976,10.99
DE,2001,915.255,11.171
DE,2002,898.834,10.952
DE,2003,894.501,10.894
DE,2004,876.57,10.678
DE,2005,867.88,10.578
DE,2006,886.434,10.85
DE,2007,846.153,10.408
DE,2008,856.643,10.561
DE,2009,789.984,9.761
DE,2010,826.705,10.228
DE,2011,804.542,9.95
DE,2012,814.093,10.061
DE,2013,831.746,10.263
DE,2014,792.584,9.74
DE,2015,800.823,9.757
DE,2016,797.988,9.642
DE,2017,784.595,9.441
DE,2018,758.771,9.101
DE,2019,708.649,8.481
DE,2020,647.177,7.739
DE,2021,677.998,8.101
DE,2022,667.843,7.942
DE,2023,593.766,7.023
DE,2024,572.319,6.769
HK,1938,0.055,0.036
HK,1939,0.055,0.032
HK,1941,0.055,0.032
HK,1947,0.018,0.011
HK,1948,0.025,0.014
HK,1949,0.029,0.015
HK,1950,1.319,0.667
HK,1951,1.557,0.752
HK,1952,1.535,0.709
HK,1953,1.729,0.764
HK,1954,1.799,0.759
HK,1955,1.879,0.758
HK,1956,2.121,0.818
HK,1957,2.363,0.87
HK,1958,2.374,0.834
HK,1959,2.703,0.909
HK,1960,2.953,0.954
HK,1961,3.37,1.095
HK,1962,3.681,1.274
HK,1963,4.246,1.595
HK,1964,4.22,1.346
HK,1965,4.803,1.246
HK,1966,5.162,1.285
HK,1967,6.052,1.742
HK,1968,6.198,2.022
HK,1969,7.752,2.283
HK,1970,8.392,2.244
HK,1971,9.151,2.294
HK,1972,9.276,2.253
HK,1973,9.286,2.199
HK,1974,10.667,2.463
HK,1975,11.008,2.48
HK,1976,12.49,2.748
HK,1977,14.204,3.054
HK,1978,15.714,3.305
HK,1979,15.838,3.26
HK,1980,16.6,3.345
HK,1981,18.617,3.678
HK,1982,19.623,3.81
HK,1983,20.912,3.995
HK,1984,22.225,4.181
HK,1985,22.881,4.243
HK,1986,25.526,4.682
HK,1987,28.086,5.119
HK,1988,29.285,5.31
HK,1989,30.141,5.44
HK,1990,27.148,4.882
HK,1991,28.463,5.057
HK,1992,32.922,5.716
HK,1993,34.778,5.892
HK,1994,31.079,5.144
HK,1995,31.271,5.062
HK,1996,28.909,4.587
HK,1997,30.497,4.753
HK,1998,38.925,5.969
HK,1999,42.549,6.431
HK,2000,39.765,5.931
HK,2001,37.289,5.504
HK,2002,39.003,5.718
HK,2003,42.733,6.23
HK,2004,41.158,5.975
HK,2005,43.334,6.273
HK,2006,41.915,6.047
HK,2007,43.572,6.25
HK,2008,42.794,6.095
HK,2009,41.583,5.886
HK,2010,40.063,5.641
HK,2011,43.15,6.041
HK,2012,42.738,5.935
HK,2013,44.31,6.1
HK,2014,45.492,6.215
HK,2015,42.404,5.756
HK,2016,43.366,5.854
HK,2017,42.431,5.699
HK,2018,42.597,5.702
HK,2019,41.897,5.597
HK,2020,33.513,4.474
HK,2021,33.637,4.494
HK,2022,30.764,4.121
HK,2023,32.957,4.428
HK,2024,33.324,4.494
IN,1900,11.929,0.042
IN,1901,13.179,0.047
IN,1902,14.515,0.051
IN,1903,14.802,0.052
IN,1904,16.561,0.058
IN,1905,16.93,0.059
IN,1906,19.549,0.067
IN,1907,21.772,0.075
IN,1908,24.908,0.085
IN,1909,24.142,0.082
IN,1910,23.487,0.079
IN,1911,24.782,0.084
IN,1912,28.521,0.096
IN,1913,31.466,0.106
IN,1914,31.698,0.107
IN,1915,33.141,0.111
IN,1916,33.517,0.113
IN,1917,35.019,0.117
IN,1918,39.359,0.132
IN,1919,42.974,0.144
IN,1920,34.867,0.116
IN,1921,37.505,0.124
IN,1922,36.903,0.121
IN,1923,37.971,0.123
IN,1924,40.627,0.131
IN,1925,40.084,0.128
IN,1926,39.942,0.126
IN,1927,41.883,0.131
IN,1928,40.072,0.124
IN,1929,41.707,0.128
IN,1930,42.399,0.128
IN,1931,38.85,0.116
IN,1932,36.129,0.107
IN,1933,35.467,0.103
IN,1934,39.61,0.114
IN,1935,41.393,0.117
IN,1936,40.684,0.114
IN,1937,45.067,0.124
IN,1938,50.379,0.137
IN,1939,49.311,0.133
IN,1940,52.309,0.14
IN,1941,53.58,0.143
IN,1942,53.529,0.144
IN,1943,46.644,0.126
IN,1944,47.695,0.13
IN,1945,52.873,0.145
IN,1946,52.224,0.144
IN,1947,53.179,0.148
IN,1948,53.203,0.149
IN,1949,56.187,0.158
IN,1950,60.943,0.176
IN,1951,63.806,0.18
IN,1952,67.249,0.186
IN,1953,68.608,0.185
IN,1954,72.307,0.191
IN,1955,78.694,0.203
IN,1956,81.619,0.206
IN,1957,91.618,0.226
IN,1958,95.801,0.23
IN,1959,101.436,0.238
IN,1960,111.32,0.255
IN,1961,120.399,0.27
IN,1962,132.58,0.29
IN,1963,142.439,0.304
IN,1964,139.483,0.291
IN,1965,153.697,0.314
IN,1966,159.371,0.318
IN,1967,159.557,0.312
IN,1968,174.071,0.333
IN,1969,177.411,0.332
IN,1970,181.724,0.333
IN,1971,191.965,0.344
IN,1972,203.037,0.356
IN,1973,209.096,0.358
IN,1974,215.854,0.362
IN,1975,234.21,0.383
IN,1976,244.75,0.391
IN,1977,258.962,0.404
IN,1978,263.15,0.401
IN,1979,276.285,0.412
IN,1980,291.714,0.424
IN,1981,314.969,0.448
IN,1982,325.383,0.452
IN,1983,352.205,0.478
IN,1984,361.569,0.479
IN,1985,397.601,0.515
IN,1986,426.318,0.539
IN,1987,455.355,0.563
IN,1988,491.7,0.594
IN,1989,540.662,0.639
IN,1990,577.987,0.668
IN,1991,615.388,0.696
IN,1992,655.424,0.726
IN,1993,677.262,0.734
IN,1994,714.043,0.759
IN,1995,760.48,0.792
IN,1996,823.602,0.841
IN,1997,857.976,0.859
IN,1998,875.783,0.86
IN,1999,961.194,0.926
IN,2000,987.065,0.933
IN,2001,1001.198,0.929
IN,2002,1032.75,0.941
IN,2003,1068.398,0.957
IN,2004,1134.611,0.999
IN,2005,1195.393,1.035
IN,2006,1293.321,1.103
IN,2007,1393.485,1.17
IN,2008,1490.366,1.234
IN,2009,1613.328,1.316
IN,2010,1678.53,1.35
IN,2011,1765.695,1.4
IN,2012,1926.986,1.507
IN,2013,1995.337,1.54
IN,2014,2148.052,1.637
IN,2015,2231.817,1.681
IN,2016,2352.54,1.75
IN,2017,2425.722,1.784
IN,2018,2595.227,1.888
IN,2019,2611.175,1.88
IN,2020,2422.732,1.727
IN,2021,2675.778,1.892
IN,2022,2831.132,1.986
IN,2023,3062.756,2.13
IN,2024,3193.478,2.201
ID,1900,1.209,0.032
ID,1901,2.242,0.058
ID,1902,1.539,0.039
ID,1903,3.001,0.076
ID,1904,3.367,0.084
ID,1905,4.133,0.102
ID,1906,4.452,0.109
ID,1907,5.294,0.128
ID,1908,5.492,0.131
ID,1909,5.987,0.141
ID,1910,6.112,0.143
ID,1911,6.727,0.156
ID,1912,5.84,0.134
ID,1913,5.899,0.134
ID,1914,6.016,0.135
ID,1915,6.031,0.134
ID,1916,6.764,0.149
ID,1917,7.137,0.156
ID,1918,7.13,0.154
ID,1919,7.636,0.163
ID,1920,8.262,0.175
ID,1921,8.757,0.183
ID,1922,8.299,0.171
ID,1923,9.589,0.195
ID,1924,10.585,0.213
ID,1925,11.08,0.221
ID,1926,11.098,0.218
ID,1927,12.886,0.25
ID,1928,14.832,0.285
ID,1929,18.539,0.352
ID,1930,18.085,0.339
ID,1931,16.894,0.312
ID,1932,16.587,0.302
ID,1933,17.862,0.32
ID,1934,19.236,0.34
ID,1935,20.001,0.348
ID,1936,21.767,0.374
ID,1937,25.344,0.429
ID,1938,26.733,0.445
ID,1939,29.201,0.479
ID,1940,28.733,0.465
ID,1941,26.486,0.422
ID,1942,9.457,0.148
ID,1943,19.027,0.295
ID,1944,8.772,0.136
ID,1945,3.807,0.059
ID,1946,1.345,0.021
ID,1947,4.056,0.061
ID,1948,15.495,0.23
ID,1949,21.903,0.32
ID,1950,9.831,0.143
ID,1951,9.39,0.134
ID,1952,12.721,0.177
ID,1953,13.08,0.178
ID,1954,14.747,0.196
ID,1955,20.844,0.27
ID,1956,21.811,0.275
ID,1957,22.412,0.275
ID,1958,22.206,0.266
ID,1959,23.862,0.278
ID,1960,21.385,0.242
ID,1961,26.002,0.286
ID,1962,22.975,0.246
ID,1963,22.763,0.237
ID,1964,22.374,0.226
ID,1965,24.668,0.243
ID,1966,23.375,0.225
ID,1967,24.54,0.23
ID,1968,27.563,0.252
ID,1969,33.362,0.297
ID,1970,35.791,0.309
ID,1971,38.955,0.328
ID,1972,43.306,0.355
ID,1973,49.097,0.392
ID,1974,51.225,0.398
ID,1975,53.931,0.409
ID,1976,61.785,0.457
ID,1977,82.41,0.595
ID,1978,93.928,0.662
ID,1979,95.123,0.654
ID,1980,94.854,0.637
ID,1981,100.272,0.658
ID,1982,105.555,0.676
ID,1983,105.149,0.659
ID,1984,112.42,0.689
ID,1985,121.548,0.729
ID,1986,122.109,0.718
ID,1987,123.813,0.714
ID,1988,132.649,0.75
ID,1989,131.586,0.73
ID,1990,154.991,0.845
ID,1991,174.754,0.936
ID,1992,199.298,1.049
ID,1993,214.963,1.112
ID,1994,219.2,1.115
ID,1995,222.225,1.112
ID,1996,252.856,1.244
ID,1997,279.696,1.354
ID,1998,244.315,1.164
ID,1999,291.771,1.37
ID,2000,281.054,1.301
ID,2001,316.759,1.446
ID,2002,308.201,1.388
ID,2003,339.024,1.506
ID,2004,342.709,1.504
ID,2005,347.361,1.505
ID,2006,346.366,1.481
ID,2007,387.577,1.635
ID,2008,365.384,1.521
ID,2009,398.624,1.639
ID,2010,445.37,1.808
ID,2011,500.458,2.006
ID,2012,515.77,2.041
ID,2013,493.435,1.929
ID,2014,498.029,1.924
ID,2015,551.16,2.105
ID,2016,547.969,2.071
ID,2017,570.928,2.136
ID,2018,607.378,2.25
ID,2019,665.049,2.441
ID,2020,623.304,2.268
ID,2021,632.946,2.287
ID,2022,758.021,2.719
ID,2023,762.358,2.711
ID,2024,812.22,2.865
IT,1900,13.909,0.417
IT,1901,13.52,0.403
IT,1902,15.015,0.444
IT,1903,15.316,0.449
IT,1904,16.188,0.471
IT,1905,17.844,0.515
IT,1906,21.09,0.604
IT,1907,22.808,0.648
IT,1908,23.263,0.655
IT,1909,25.703,0.719
IT,1910,25.736,0.716
IT,1911,26.538,0.735
IT,1912,27.85,0.769
IT,1913,29.964,0.826
IT,1914,27.238,0.749
IT,1915,23.779,0.653
IT,1916,23.512,0.644
IT,1917,16.122,0.441
IT,1918,18.98,0.518
IT,1919,18.609,0.506
IT,1920,17.869,0.483
IT,1921,21.881,0.588
IT,1922,25.699,0.686
IT,1923,26.824,0.71
IT,1924,32.181,0.844
IT,1925,30.968,0.805
IT,1926,35.841,0.924
IT,1927,40.385,1.032
IT,1928,38.148,0.966
IT,1929,44.027,1.106
IT,1930,39.55,0.985
IT,1931,34.173,0.844
IT,1932,28.065,0.687
IT,1933,30.474,0.74
IT,1934,39.661,0.955
IT,1935,45.376,1.084
IT,1936,31.99,0.758
IT,1937,45.174,1.061
IT,1938,44.979,1.047
IT,1939,46.12,1.066
IT,1940,49.031,1.125
IT,1941,42.894,0.977
IT,1942,41.889,0.948
IT,1943,7.112,0.16
IT,1944,3.578,0.08
IT,1945,4.352,0.097
IT,1946,22.166,0.49
IT,1947,36.786,0.808
IT,1948,35.528,0.775
IT,1949,39.771,0.863
IT,1950,41.431,0.893
IT,1951,48.822,1.044
IT,1952,50.621,1.077
IT,1953,55.998,1.181
IT,1954,64.945,1.358
IT,1955,73.273,1.522
IT,1956,83.479,1.725
IT,1957,87.082,1.79
IT,1958,87.602,1.79
IT,1959,94.096,1.912
IT,1960,109.218,2.206
IT,1961,124.393,2.497
IT,1962,146.27,2.915
IT,1963,164.575,3.254
IT,1964,175.743,3.445
IT,1965,189.543,3.682
IT,1966,213.997,4.122
IT,1967,234.148,4.474
IT,1968,249.187,4.727
IT,1969,269.676,5.082
IT,1970,296.379,5.551
IT,1971,311.06,5.792
IT,1972,328.245,6.071
IT,1973,353.356,6.489
IT,1974,358.26,6.535
IT,1975,341.056,6.182
IT,1976,365.799,6.596
IT,1977,354.421,6.361
IT,1978,371.277,6.637
IT,1979,385.259,6.863
IT,1980,386.437,6.85
IT,1981,375.307,6.625
IT,1982,366.883,6.468
IT,1983,358.409,6.314
IT,1984,364.605,6.418
IT,1985,368.986,6.49
IT,1986,363.188,6.386
IT,1987,380.099,6.681
IT,1988,385.962,6.78
IT,1989,404.742,7.104
IT,1990,438.208,7.684
IT,1991,437.742,7.67
IT,1992,437.937,7.666
IT,1993,430.268,7.526
IT,1994,424.507,7.393
IT,1995,448.596,7.815
IT,1996,442.843,7.747
IT,1997,448.571,7.844
IT,1998,460.824,8.054
IT,1999,465.508,8.132
IT,2000,469.598,8.199
IT,2001,469.679,8.196
IT,2002,477.136,8.309
IT,2003,495.094,8.575
IT,2004,500.687,8.606
IT,2005,501.365,8.567
IT,2006,496.075,8.443
IT,2007,489.794,8.286
IT,2008,478.132,8.028
IT,2009,424.032,7.079
IT,2010,435.672,7.241
IT,2011,423.897,7.022
IT,2012,403.444,6.665
IT,2013,369.461,6.091
IT,2014,349.389,5.759
IT,2015,361.244,5.964
IT,2016,358.133,5.922
IT,2017,352.666,5.84
IT,2018,349.048,5.791
IT,2019,339.638,5.648
IT,2020,302.6,5.051
IT,2021,335.93,5.624
IT,2022,340.115,5.705
IT,2023,312.291,5.249
IT,2024,301.93,5.088
JP,1900,19.412,0.437
JP,1901,23.274,0.518
JP,1902,24.945,0.549
JP,1903,25.787,0.561
JP,1904,29.052,0.625
JP,1905,29.931,0.636
JP,1906,32.855,0.69
JP,1907,35.072,0.728
JP,1908,37.633,0.773
JP,1909,38.256,0.776
JP,1910,39.384,0.79
JP,1911,44.21,0.876
JP,1912,49.281,0.965
JP,1913,54.315,1.05
JP,1914,58.016,1.108
JP,1915,52.842,0.997
JP,1916,58.598,1.093
JP,1917,67.484,1.243
JP,1918,71.543,1.303
JP,1919,79.194,1.424
JP,1920,74.28,1.319
JP,1921,66.809,1.171
JP,1922,71.43,1.235
JP,1923,75.907,1.294
JP,1924,79.348,1.334
JP,1925,82.011,1.359
JP,1926,82.605,1.35
JP,1927,89.482,1.442
JP,1928,92.391,1.468
JP,1929,94.88,1.487
JP,1930,86.166,1.332
JP,1931,77.904,1.189
JP,1932,77.98,1.175
JP,1933,91.342,1.358
JP,1934,101.203,1.486
JP,1935,106.382,1.542
JP,1936,116.849,1.672
JP,1937,125.431,1.772
JP,1938,131.735,1.838
JP,1939,127.747,1.759
JP,1940,153.244,2.082
JP,1941,154.605,2.073
JP,1942,147.792,1.955
JP,1943,150.637,1.965
JP,1944,138.733,1.785
JP,1945,76.635,0.972
JP,1946,52.707,0.66
JP,1947,70.032,0.864
JP,1948,88.082,1.072
JP,1949,98.42,1.182
JP,1950,102.541,1.186
JP,1951,123.381,1.404
JP,1952,130.362,1.463
JP,1953,145.869,1.615
JP,1954,142.662,1.561
JP,1955,142.007,1.536
JP,1956,160.801,1.723
JP,1957,188.279,2.001
JP,1958,181.421,1.913
JP,1959,192.92,2.018
JP,1960,232.83,2.415
JP,1961,283.131,2.912
JP,1962,293.278,2.99
JP,1963,325.268,3.287
JP,1964,359.353,3.597
JP,1965,386.97,3.835
JP,1966,419.78,4.12
JP,1967,489.916,4.758
JP,1968,562.568,5.397
JP,1969,653.853,6.199
JP,1970,769.748,7.213
JP,1971,799.647,7.407
JP,1972,861.054,7.882
JP,1973,914.266,8.265
JP,1974,914.306,8.163
JP,1975,869.815,7.676
JP,1976,909.575,7.944
JP,1977,935.554,8.095
JP,1978,905.088,7.764
JP,1979,957.147,8.144
JP,1980,948.552,8.014
JP,1981,930.377,7.819
JP,1982,900.724,7.538
JP,1983,884.424,7.373
JP,1984,940.542,7.813
JP,1985,915.276,7.575
JP,1986,914.049,7.531
JP,1987,902.207,7.399
JP,1988,984.698,8.04
JP,1989,1021.298,8.307
JP,1990,1154.853,9.359
JP,1991,1166.552,9.416
JP,1992,1175.454,9.45
JP,1993,1169.328,9.367
JP,1994,1223.158,9.763
JP,1995,1235.873,9.834
JP,1996,1248.69,9.912
JP,1997,1240.98,9.828
JP,1998,1201.334,9.493
JP,1999,1238.121,9.764
JP,2000,1260.203,9.921
JP,2001,1245.935,9.79
JP,2002,1275.42,10.005
JP,2003,1283.845,10.056
JP,2004,1279.122,10.008
JP,2005,1286.412,10.057
JP,2006,1263.44,9.871
JP,2007,1298.974,10.141
JP,2008,1228.687,9.587
JP,2009,1160.253,9.051
JP,2010,1211.09,9.448
JP,2011,1261.181,9.846
JP,2012,1302.113,10.178
JP,2013,1311.876,10.271
JP,2014,1260.272,9.886
JP,2015,1219.982,9.585
JP,2016,1199.933,9.436
JP,2017,1184.392,9.321
JP,2018,1138.55,8.971
JP,2019,1102.063,8.698
JP,2020,1037.285,8.213
JP,2021,1058.502,8.422
JP,2022,1029.645,8.237
JP,2023,986.91,7.935
JP,2024,961.867,7.772
KE,1950,0.909,0.158
KE,1951,1.392,0.236
KE,1952,1.59,0.264
KE,1953,1.513,0.245
KE,1954,1.7,0.268
KE,1955,1.985,0.304
KE,1956,2.22,0.33
KE,1957,2.282,0.329
KE,1958,2.088,0.291
KE,1959,2.208,0.297
KE,1960,2.424,0.315
KE,1961,2.399,0.3
KE,1962,2.622,0.316
KE,1963,2.853,0.331
KE,1964,2.823,0.315
KE,1965,2.464,0.264
KE,1966,2.68,0.276
KE,1967,2.698,0.267
KE,1968,2.815,0.268
KE,1969,3.126,0.286
KE,1970,3.078,0.271
KE,1971,3.678,0.312
KE,1972,3.865,0.317
KE,1973,3.912,0.31
KE,1974,4.94,0.378
KE,1975,4.965,0.367
KE,1976,4.597,0.329
KE,1977,5.041,0.349
KE,1978,5.308,0.355
KE,1979,5.025,0.325
KE,1980,6.177,0.386
KE,1981,6.505,0.392
KE,1982,4.672,0.272
KE,1983,4.638,0.26
KE,1984,4.298,0.232
KE,1985,3.753,0.195
KE,1986,4.136,0.208
KE,1987,5.146,0.25
KE,1988,4.762,0.223
KE,1989,5.164,0.233
KE,1990,5.789,0.253
KE,1991,4.805,0.203
KE,1992,5.505,0.226
KE,1993,6.312,0.251
KE,1994,6.523,0.252
KE,1995,7.515,0.283
KE,1996,9.283,0.339
KE,1997,8.227,0.293
KE,1998,9.999,0.346
KE,1999,10.021,0.337
KE,2000,10.385,0.339
KE,2001,9.224,0.292
KE,2002,7.819,0.24
KE,2003,6.716,0.2
KE,2004,7.621,0.22
KE,2005,8.454,0.236
KE,2006,9.567,0.259
KE,2007,9.734,0.256
KE,2008,10.099,0.258
KE,2009,12.185,0.302
KE,2010,11.857,0.285
KE,2011,12.218,0.286
KE,2012,11.246,0.256
KE,2013,12.163,0.27
KE,2014,13.214,0.287
KE,2015,15.212,0.323
KE,2016,16.289,0.338
KE,2017,16.181,0.329
KE,2018,17.003,0.339
KE,2019,18.159,0.355
KE,2020,19.99,0.383
KE,2021,20.59,0.387
KE,2022,20.544,0.379
KE,2023,21.186,0.383
KE,2024,21.225,0.376
MX,1900,3.504,0.264
MX,1901,4.199,0.313
MX,1902,4.571,0.337
MX,1903,5.384,0.394
MX,1904,5.778,0.419
MX,1905,6.157,0.442
MX,1906,6.456,0.459
MX,1907,7.151,0.504
MX,1908,7.119,0.497
MX,1909,7.186,0.498
MX,1910,7.364,0.508
MX,1911,11.143,0.766
MX,1912,10.875,0.747
MX,1913,13.603,0.935
MX,1914,11.933,0.821
MX,1915,15.778,1.087
MX,1916,18.408,1.27
MX,1917,27.475,1.898
MX,1918,32.391,2.239
MX,1919,42.361,2.921
MX,1920,77.665,5.327
MX,1921,91.419,6.218
MX,1922,86.505,5.818
MX,1923,73.32,4.862
MX,1924,68.934,4.506
MX,1925,57.506,3.706
MX,1926,45.134,2.868
MX,1927,32.86,2.058
MX,1928,24.456,1.51
MX,1929,22.482,1.368
MX,1930,20.719,1.241
MX,1931,16.949,0.999
MX,1932,16.326,0.947
MX,1933,17.63,1.005
MX,1934,19.065,1.068
MX,1935,21.663,1.193
MX,1936,22.213,1.203
MX,1937,25.131,1.338
MX,1938,24.476,1.281
MX,1939,22.826,1.17
MX,1940,23.378,1.17
MX,1941,22.711,1.106
MX,1942,19.116,0.903
MX,1943,19.197,0.877
MX,1944,20.266,0.896
MX,1945,22.769,0.973
MX,1946,25.623,1.059
MX,1947,29.352,1.173
MX,1948,30.509,1.18
MX,1949,28.959,1.083
MX,1950,30.508,1.106
MX,1951,34.889,1.232
MX,1952,37.212,1.279
MX,1953,36.707,1.228
MX,1954,36.27,1.179
MX,1955,39.662,1.253
MX,1956,42.134,1.293
MX,1957,49.278,1.468
MX,1958,54.008,1.562
MX,1959,58.287,1.636
MX,1960,63.052,1.717
MX,1961,65.24,1.722
MX,1962,63.744,1.629
MX,1963,66.292,1.64
MX,1964,74.2,1.776
MX,1965,75.168,1.741
MX,1966,80.845,1.811
MX,1967,90.006,1.951
MX,1968,93.887,1.97
MX,1969,102.176,2.075
MX,1970,113.951,2.242
MX,1971,126.182,2.407
MX,1972,132.261,2.448
MX,1973,144.04,2.588
MX,1974,154.701,2.699
MX,1975,164.104,2.782
MX,1976,183.693,3.029
MX,1977,192.338,3.087
MX,1978,222.048,3.471
MX,1979,240.175,3.658
MX,1980,267.645,3.977
MX,1981,283.587,4.116
MX,1982,303.764,4.313
MX,1983,277.43,3.855
MX,1984,276.491,3.761
MX,1985,287.181,3.827
MX,1986,293.219,3.829
MX,1987,305.79,3.914
MX,1988,305.418,3.832
MX,1989,323.216,3.978
MX,1990,316.746,3.825
MX,1991,329.831,3.907
MX,1992,332.453,3.864
MX,1993,337.722,3.853
MX,1994,351.534,3.938
MX,1995,330.905,3.642
MX,1996,341.544,3.694
MX,1997,362.466,3.855
MX,1998,381.102,3.987
MX,1999,386.036,3.975
MX,2000,391.435,3.969
MX,2001,407.485,4.071
MX,2002,410.301,4.04
MX,2003,435.969,4.234
MX,2004,438.588,4.201
MX,2005,463.436,4.38
MX,2006,474.523,4.424
MX,2007,473.595,4.354
MX,2008,472.981,4.285
MX,2009,460.29,4.11
MX,2010,456.409,4.017
MX,2011,483.302,4.194
MX,2012,501.492,4.293
MX,2013,495.412,4.186
MX,2014,484.045,4.041
MX,2015,479.434,3.96
MX,2016,478.828,3.917
MX,2017,464.407,3.763
MX,2018,468.421,3.76
MX,2019,468.236,3.723
MX,2020,428.937,3.383
MX,2021,446.838,3.501
MX,2022,453.799,3.528
MX,2023,458.254,3.532
MX,2024,460.988,3.523
NP,1950,0.026,0.003
NP,1951,0.029,0.003
NP,1952,0.029,0.003
NP,1953,0.037,0.004
NP,1954,0.04,0.004
NP,1955,0.044,0.005
NP,1956,0.048,0.005
NP,1957,0.055,0.006
NP,1958,0.059,0.006
NP,1959,0.066,0.007
NP,1960,0.081,0.008
NP,1961,0.081,0.008
NP,1962,0.088,0.008
NP,1963,0.099,0.009
NP,1964,0.15,0.014
NP,1965,0.18,0.016
NP,1966,0.191,0.017
NP,1967,0.213,0.018
NP,1968,0.253,0.021
NP,1969,0.399,0.033
NP,1970,0.227,0.018
NP,1971,0.198,0.016
NP,1972,0.267,0.021
NP,1973,0.421,0.032
NP,1974,0.425,0.031
NP,1975,0.352,0.025
NP,1976,0.282,0.02
NP,1977,0.336,0.023
NP,1978,0.329,0.022
NP,1979,0.512,0.034
NP,1980,0.541,0.035
NP,1981,0.453,0.028
NP,1982,0.442,0.027
NP,1983,0.492,0.03
NP,1984,0.701,0.041
NP,1985,0.676,0.039
NP,1986,0.697,0.039
NP,1987,0.861,0.047
NP,1988,0.976,0.052
NP,1989,0.894,0.047
NP,1990,0.721,0.037
NP,1991,1.026,0.051
NP,1992,1.233,0.06
NP,1993,1.397,0.066
NP,1994,1.619,0.075
NP,1995,2.309,0.104
NP,1996,2.353,0.103
NP,1997,2.641,0.114
NP,1998,2.223,0.094
NP,1999,3.191,0.132
NP,2000,3.037,0.124
NP,2001,3.236,0.13
NP,2002,2.596,0.103
NP,2003,2.81,0.109
NP,2004,2.582,0.099
NP,2005,2.987,0.114
NP,2006,2.456,0.092
NP,2007,2.57,0.096
NP,2008,3.355,0.124
NP,2009,4.126,0.152
NP,2010,4.828,0.177
NP,2011,5.217,0.19
NP,2012,5.47,0.199
NP,2013,6.218,0.225
NP,2014,7.588,0.274
NP,2015,6.905,0.248
NP,2016,10.088,0.361
NP,2017,12.422,0.443
NP,2018,14.039,0.5
NP,2019,12.75,0.449
NP,2020,15.631,0.54
NP,2021,15.486,0.525
NP,2022,17.609,0.593
NP,2023,18.348,0.618
NP,2024,18.776,0.633
NL,1900,14.634,2.847
NL,1901,14.312,2.747
NL,1902,14.301,2.707
NL,1903,15.297,2.855
NL,1904,16.166,2.975
NL,1905,16.594,3.011
NL,1906,18.056,3.231
NL,1907,18.576,3.277
NL,1908,18.921,3.291
NL,1909,19.918,3.416
NL,1910,20.834,3.523
NL,1911,22.079,3.68
NL,1912,24.923,4.095
NL,1913,27.55,4.461
NL,1914,25.824,4.121
NL,1915,24.534,3.859
NL,1916,22.398,3.472
NL,1917,8.654,1.322
NL,1918,14.528,2.188
NL,1919,21.98,3.263
NL,1920,22.171,3.244
NL,1921,23.233,3.351
NL,1922,27.271,3.879
NL,1923,27.198,3.814
NL,1924,30.594,4.23
NL,1925,33.592,4.58
NL,1926,34.328,4.615
NL,1927,37.966,5.032
NL,1928,38.007,4.967
NL,1929,41.267,5.32
NL,1930,40.779,5.189
NL,1931,44.956,5.648
NL,1932,41.417,5.139
NL,1933,38.569,4.729
NL,1934,38.628,4.681
NL,1935,37.265,4.462
NL,1936,39.892,4.72
NL,1937,43.999,5.145
NL,1938,43.307,5.004
NL,1939,40.701,4.646
NL,1940,33.438,3.77
NL,1941,37.125,4.134
NL,1942,34.594,3.803
NL,1943,34.927,3.79
NL,1944,23.335,2.499
NL,1945,14.651,1.549
NL,1946,31.102,3.246
NL,1947,44.603,4.594
NL,1948,47.263,4.805
NL,1949,50.499,5.068
NL,1950,51.301,5.072
NL,1951,54.986,5.357
NL,1952,54.733,5.272
NL,1953,55.275,5.268
NL,1954,58.411,5.502
NL,1955,61.005,5.674
NL,1956,65.097,5.978
NL,1957,64.426,5.843
NL,1958,66.709,5.963
NL,1959,67.136,5.916
NL,1960,73.456,6.395
NL,1961,75.833,6.515
NL,1962,83.3,7.055
NL,1963,91.163,7.616
NL,1964,96.788,7.978
NL,1965,100.415,8.163
NL,1966,103.565,8.309
NL,1967,106.689,8.462
NL,1968,113.453,8.905
NL,1969,115.806,8.984
NL,1970,141.811,10.865
NL,1971,140.67,10.65
NL,1972,157.499,11.804
NL,1973,165.264,12.284
NL,1974,159.989,11.799
NL,1975,152.529,11.15
NL,1976,169.131,12.268
NL,1977,163.609,11.797
NL,1978,169.793,12.168
NL,1979,187.007,13.31
NL,1980,176.635,12.472
NL,1981,164.113,11.506
NL,1982,133.491,9.313
NL,1983,137.361,9.541
NL,1984,144.073,9.962
NL,1985,146.98,10.109
NL,1986,144.014,9.846
NL,1987,151.484,10.288
NL,1988,145.603,9.821
NL,1989,161.664,10.835
NL,1990,163.033,10.847
NL,1991,171.469,11.314
NL,1992,171.277,11.212
NL,1993,171.185,11.123
NL,1994,171.952,11.104
NL,1995,173.482,11.146
NL,1996,182.543,11.671
NL,1997,175.466,11.159
NL,1998,176.396,11.145
NL,1999,171.053,10.731
NL,2000,172.154,10.72
NL,2001,177.464,10.966
NL,2002,176.738,10.851
NL,2003,180.169,11.008
NL,2004,182.09,11.086
NL,2005,178.13,10.818
NL,2006,173.279,10.506
NL,2007,173.028,10.467
NL,2008,175.904,10.598
NL,2009,170.433,10.215
NL,2010,182.479,10.88
NL,2011,169.346,10.05
NL,2012,165.752,9.799
NL,2013,164.925,9.72
NL,2014,157.503,9.249
NL,2015,163.958,9.584
NL,2016,164.812,9.579
NL,2017,162.296,9.373
NL,2018,158.264,9.085
NL,2019,152.727,8.709
NL,2020,136.974,7.766
NL,2021,139.886,7.89
NL,2022,127.503,7.121
NL,2023,117.016,6.468
NL,2024,114.785,6.297
NZ,1900,2.44,3.016
NZ,1901,2.741,3.309
NZ,1902,3.041,3.583
NZ,1903,3.169,3.639
NZ,1904,3.433,3.841
NZ,1905,3.539,3.859
NZ,1906,3.862,4.104
NZ,1907,4.085,4.231
NZ,1908,4.151,4.189
NZ,1909,4.265,4.202
NZ,1910,4.902,4.724
NZ,1911,4.609,4.351
NZ,1912,4.862,4.504
NZ,1913,4.214,3.837
NZ,1914,5.082,4.549
NZ,1915,4.932,4.34
NZ,1916,5.038,4.358
NZ,1917,4.617,3.925
NZ,1918,4.543,3.797
NZ,1919,4.129,3.391
NZ,1920,3.558,2.871
NZ,1921,3.499,2.773
NZ,1922,3.561,2.771
NZ,1923,3.836,2.931
NZ,1924,3.99,2.992
NZ,1925,4.089,3.01
NZ,1926,4.272,3.088
NZ,1927,4.496,3.19
NZ,1928,4.715,3.284
NZ,1929,4.894,3.353
NZ,1930,4.865,3.284
NZ,1931,4.239,2.825
NZ,1932,3.539,2.333
NZ,1933,3.546,2.316
NZ,1934,3.983,2.578
NZ,1935,4.151,2.662
NZ,1936,4.176,2.654
NZ,1937,4.381,2.759
NZ,1938,4.246,2.649
NZ,1939,4.462,2.755
NZ,1940,4.759,2.904
NZ,1941,5.0,3.013
NZ,1942,5.096,3.027
NZ,1943,5.371,3.141
NZ,1944,5.469,3.15
NZ,1945,5.62,3.187
NZ,1946,5.532,3.09
NZ,1947,5.451,2.998
NZ,1948,5.502,2.98
NZ,1949,5.609,2.987
NZ,1950,8.569,4.483
NZ,1951,8.17,4.187
NZ,1952,9.32,4.665
NZ,1953,8.551,4.176
NZ,1954,9.071,4.329
NZ,1955,9.393,4.39
NZ,1956,9.675,4.428
NZ,1957,10.305,4.613
NZ,1958,10.18,4.455
NZ,1959,10.319,4.422
NZ,1960,11.532,4.846
NZ,1961,11.755,4.838
NZ,1962,11.198,4.507
NZ,1963,12.217,4.813
NZ,1964,13.092,5.057
NZ,1965,13.685,5.191
NZ,1966,14.0,5.219
NZ,1967,13.627,5.004
NZ,1968,13.473,4.891
NZ,1969,14.257,5.12
NZ,1970,14.18,5.024
NZ,1971,15.049,5.249
NZ,1972,16.19,5.546
NZ,1973,18.2,6.11
NZ,1974,18.76,6.169
NZ,1975,18.27,5.905
NZ,1976,19.249,6.156
NZ,1977,20.313,6.469
NZ,1978,18.024,5.736
NZ,1979,16.494,5.25
NZ,1980,17.482,5.556
NZ,1981,16.561,5.241
NZ,1982,18.27,5.736
NZ,1983,17.998,5.591
NZ,1984,19.337,5.95
NZ,1985,21.858,6.688
NZ,1986,22.946,6.993
NZ,1987,24.165,7.324
NZ,1988,25.446,7.674
NZ,1989,25.453,7.635
NZ,1990,25.49,7.504
NZ,1991,26.17,7.518
NZ,1992,28.154,7.971
NZ,1993,27.746,7.764
NZ,1994,27.885,7.701
NZ,1995,27.989,7.617
NZ,1996,29.288,7.853
NZ,1997,31.261,8.277
NZ,1998,29.837,7.828
NZ,1999,31.443,8.198
NZ,2000,32.221,8.353
NZ,2001,34.356,8.828
NZ,2002,34.519,8.737
NZ,2003,36.22,9.004
NZ,2004,35.806,8.768
NZ,2005,37.401,9.045
NZ,2006,37.304,8.92
NZ,2007,36.383,8.615
NZ,2008,37.485,8.796
NZ,2009,34.594,8.037
NZ,2010,34.787,8.001
NZ,2011,34.241,7.813
NZ,2012,35.918,8.142
NZ,2013,35.219,7.908
NZ,2014,35.399,7.827
NZ,2015,35.805,7.76
NZ,2016,34.135,7.24
NZ,2017,35.661,7.41
NZ,2018,35.687,7.282
NZ,2019,36.711,7.358
NZ,2020,34.109,6.728
NZ,2021,34.597,6.773
NZ,2022,31.966,6.229
NZ,2023,31.56,6.101
NZ,2024,32.479,6.229
NG,1915,0.018,0.001
NG,1916,0.066,0.003
NG,1917,0.224,0.01
NG,1918,0.399,0.018
NG,1919,0.37,0.016
NG,1920,0.487,0.021
NG,1921,0.572,0.025
NG,1922,0.304,0.013
NG,1923,0.473,0.02
NG,1924,0.542,0.022
NG,1925,0.645,0.026
NG,1926,0.876,0.035
NG,1927,0.967,0.038
NG,1928,0.967,0.037
NG,1929,0.931,0.035
NG,1930,0.938,0.035
NG,1931,0.883,0.033
NG,1932,0.678,0.025
NG,1933,0.634,0.023
NG,1934,0.7,0.025
NG,1935,0.696,0.024
NG,1936,0.788,0.027
NG,1937,0.978,0.033
NG,1938,0.975,0.032
NG,1939,0.821,0.027
NG,1940,0.835,0.027
NG,1941,0.989,0.031
NG,1942,1.242,0.039
NG,1943,1.363,0.042
NG,1944,1.656,0.05
NG,1945,1.381,0.041
NG,1946,1.638,0.047
NG,1947,1.561,0.044
NG,1948,1.638,0.046
NG,1949,1.484,0.041
NG,1950,2.257,0.061
NG,1951,1.685,0.044
NG,1952,2.18,0.056
NG,1953,2.437,0.062
NG,1954,2.572,0.064
NG,1955,2.697,0.066
NG,1956,3.012,0.072
NG,1957,3.184,0.075
NG,1958,3.722,0.086
NG,1959,3.565,0.081
NG,1960,3.403,0.076
NG,1961,4.11,0.089
NG,1962,4.175,0.089
NG,1963,5.344,0.111
NG,1964,7.267,0.148
NG,1965,11.75,0.235
NG,1966,12.893,0.252
NG,1967,12.824,0.245
NG,1968,6.626,0.124
NG,1969,12.1,0.221
NG,1970,21.52,0.385
NG,1971,32.248,0.564
NG,1972,41.376,0.706
NG,1973,49.513,0.824
NG,1974,62.21,1.009
NG,1975,47.316,0.746
NG,1976,55.157,0.845
NG,1977,50.468,0.751
NG,1978,48.185,0.695
NG,1979,70.143,0.981
NG,1980,67.987,0.922
NG,1981,65.751,0.864
NG,1982,65.309,0.833
NG,1983,59.622,0.741
NG,1984,69.338,0.84
NG,1985,69.561,0.819
NG,1986,73.107,0.838
NG,1987,58.942,0.658
NG,1988,70.347,0.764
NG,1989,42.046,0.445
NG,1990,38.786,0.399
NG,1991,41.841,0.42
NG,1992,46.162,0.451
NG,1993,44.705,0.425
NG,1994,80.36,0.745
NG,1995,84.23,0.76
NG,1996,97.767,0.859
NG,1997,95.649,0.819
NG,1998,86.338,0.72
NG,1999,84.838,0.689
NG,2000,96.831,0.766
NG,2001,100.218,0.772
NG,2002,89.906,0.674
NG,2003,100.03,0.729
NG,2004,94.962,0.673
NG,2005,101.666,0.701
NG,2006,90.097,0.604
NG,2007,82.17,0.536
NG,2008,86.489,0.549
NG,2009,77.031,0.475
NG,2010,112.05,0.672
NG,2011,126.115,0.736
NG,2012,110.125,0.625
NG,2013,117.401,0.648
NG,2014,123.971,0.667
NG,2015,110.525,0.58
NG,2016,116.396,0.596
NG,2017,112.54,0.562
NG,2018,106.786,0.521
NG,2019,127.859,0.61
NG,2020,124.899,0.584
NG,2021,147.777,0.676
NG,2022,131.441,0.589
NG,2023,129.376,0.568
NG,2024,135.824,0.584
PK,1946,0.634,0.018
PK,1947,0.655,0.018
PK,1948,0.722,0.02
PK,1949,1.025,0.028
PK,1950,5.355,0.149
PK,1951,6.613,0.181
PK,1952,6.983,0.187
PK,1953,7.107,0.186
PK,1954,7.218,0.184
PK,1955,7.437,0.185
PK,1956,8.812,0.214
PK,1957,9.105,0.216
PK,1958,10.224,0.236
PK,1959,9.921,0.223
PK,1960,11.926,0.261
PK,1961,12.35,0.263
PK,1962,13.57,0.282
PK,1963,15.6,0.315
PK,1964,16.039,0.316
PK,1965,16.83,0.322
PK,1966,17.126,0.319
PK,1967,18.176,0.329
PK,1968,20.842,0.367
PK,1969,20.213,0.346
PK,1970,20.504,0.341
PK,1971,19.441,0.314
PK,1972,18.903,0.297
PK,1973,20.008,0.306
PK,1974,21.387,0.317
PK,1975,23.188,0.334
PK,1976,22.789,0.318
PK,1977,24.32,0.329
PK,1978,26.051,0.341
PK,1979,28.134,0.356
PK,1980,31.932,0.388
PK,1981,34.233,0.399
PK,1982,37.19,0.417
PK,1983,40.022,0.434
PK,1984,42.557,0.447
PK,1985,46.814,0.477
PK,1986,49.059,0.483
PK,1987,52.989,0.504
PK,1988,57.607,0.53
PK,1989,60.317,0.537
PK,1990,67.827,0.584
PK,1991,67.477,0.562
PK,1992,72.015,0.583
PK,1993,77.176,0.608
PK,1994,84.018,0.643
PK,1995,83.614,0.621
PK,1996,93.542,0.675
PK,1997,93.788,0.658
PK,1998,96.741,0.66
PK,1999,99.389,0.66
PK,2000,103.94,0.671
PK,2001,105.401,0.662
PK,2002,110.566,0.677
PK,2003,113.142,0.677
PK,2004,124.637,0.728
PK,2005,129.947,0.741
PK,2006,137.912,0.768
PK,2007,148.349,0.804
PK,2008,147.901,0.78
PK,2009,148.355,0.763
PK,2010,147.504,0.74
PK,2011,149.488,0.734
PK,2012,150.555,0.725
PK,2013,148.183,0.702
PK,2014,150.81,0.704
PK,2015,144.896,0.667
PK,2016,176.741,0.803
PK,2017,211.981,0.949
PK,2018,203.5,0.897
PK,2019,190.826,0.827
PK,2020,215.51,0.917
PK,2021,243.552,1.017
PK,2022,211.97,0.87
PK,2023,186.861,0.755
PK,2024,179.8,0.716
PH,1907,0.007,0.001
PH,1908,0.018,0.002
PH,1909,0.055,0.007
PH,1910,0.051,0.007
PH,1911,0.037,0.005
PH,1912,0.004,0.0
PH,1913,0.007,0.001
PH,1914,0.018,0.002
PH,1915,0.055,0.006
PH,1916,0.051,0.006
PH,1917,0.011,0.001
PH,1918,0.029,0.003
PH,1919,0.059,0.006
PH,1920,0.103,0.011
PH,1921,0.07,0.007
PH,1922,0.077,0.008
PH,1923,0.077,0.008
PH,1924,0.084,0.008
PH,1925,0.084,0.008
PH,1926,0.051,0.005
PH,1927,0.04,0.004
PH,1928,0.08,0.007
PH,1929,0.069,0.006
PH,1930,0.088,0.008
PH,1931,0.08,0.007
PH,1932,0.087,0.007
PH,1933,0.077,0.006
PH,1934,0.088,0.007
PH,1935,0.098,0.008
PH,1936,0.12,0.009
PH,1937,0.12,0.009
PH,1938,0.157,0.011
PH,1939,0.084,0.006
PH,1940,0.114,0.008
PH,1941,0.091,0.006
PH,1945,0.015,0.001
PH,1946,0.113,0.007
PH,1947,0.197,0.012
PH,1948,0.216,0.012
PH,1949,0.318,0.018
PH,1950,3.604,0.191
PH,1951,3.553,0.182
PH,1952,4.051,0.199
PH,1953,4.033,0.191
PH,1954,5.33,0.242
PH,1955,6.616,0.289
PH,1956,6.253,0.262
PH,1957,6.729,0.271
PH,1958,7.56,0.293
PH,1959,7.226,0.269
PH,1960,8.325,0.298
PH,1961,8.713,0.303
PH,1962,10.336,0.348
PH,1963,11.472,0.374
PH,1964,12.823,0.405
PH,1965,13.965,0.428
PH,1966,16.104,0.479
PH,1967,18.209,0.526
PH,1968,22.223,0.624
PH,1969,22.829,0.623
PH,1970,24.751,0.658
PH,1971,27.552,0.715
PH,1972,26.409,0.67
PH,1973,31.501,0.782
PH,1974,30.492,0.741
PH,1975,32.482,0.771
PH,1976,35.06,0.812
PH,1977,36.664,0.826
PH,1978,37.362,0.82
PH,1979,38.009,0.812
PH,1980,36.837,0.767
PH,1981,34.493,0.699
PH,1982,34.795,0.686
PH,1983,35.189,0.674
PH,1984,30.785,0.573
PH,1985,27.855,0.505
PH,1986,28.969,0.511
PH,1987,32.439,0.558
PH,1988,37.409,0.626
PH,1989,38.834,0.634
PH,1990,40.774,0.649
PH,1991,42.874,0.666
PH,1992,47.772,0.725
PH,1993,48.342,0.716
PH,1994,53.479,0.775
PH,1995,59.22,0.839
PH,1996,60.437,0.837
PH,1997,69.147,0.936
PH,1998,67.379,0.889
PH,1999,67.295,0.865
PH,2000,71.467,0.898
PH,2001,69.799,0.857
PH,2002,69.492,0.837
PH,2003,69.501,0.82
PH,2004,71.999,0.833
PH,2005,72.334,0.822
PH,2006,65.646,0.733
PH,2007,70.01,0.769
PH,2008,76.605,0.826
PH,2009,75.581,0.801
PH,2010,82.246,0.854
PH,2011,82.98,0.845
PH,2012,87.476,0.873
PH,2013,94.825,0.929
PH,2014,100.074,0.964
PH,2015,111.046,1.054
PH,2016,120.216,1.126
PH,2017,133.576,1.235
PH,2018,139.857,1.278
PH,2019,142.601,1.287
PH,2020,131.457,1.173
PH,2021,140.27,1.24
PH,2022,150.963,1.325
PH,2023,160.98,1.401
PH,2024,174.878,1.51
RU,1900,46.008,0.71
RU,1901,47.233,0.722
RU,1902,45.62,0.691
RU,1903,44.625,0.67
RU,1904,49.649,0.738
RU,1905,44.318,0.653
RU,1906,50.55,0.738
RU,1907,56.62,0.82
RU,1908,56.968,0.817
RU,1909,60.136,0.855
RU,1910,58.976,0.831
RU,1911,61.145,0.854
RU,1912,69.263,0.959
RU,1913,75.242,1.032
RU,1914,67.908,0.923
RU,1915,62.33,0.84
RU,1916,66.433,0.887
RU,1917,61.14,0.809
RU,1918,24.383,0.32
RU,1919,20.827,0.27
RU,1920,18.991,0.244
RU,1921,20.596,0.263
RU,1922,25.118,0.317
RU,1923,27.747,0.347
RU,1924,33.057,0.41
RU,1925,32.627,0.401
RU,1926,47.274,0.576
RU,1927,58.774,0.709
RU,1928,65.293,0.781
RU,1929,70.315,0.833
RU,1930,95.589,1.122
RU,1931,114.837,1.336
RU,1932,129.388,1.491
RU,1933,144.604,1.651
RU,1934,174.916,1.979
RU,1935,197.995,2.22
RU,1936,227.039,2.522
RU,1937,232.157,2.555
RU,1938,245.031,2.672
RU,1939,248.036,2.68
RU,1940,297.362,3.184
RU,1941,261.24,2.772
RU,1942,142.025,1.493
RU,1943,148.225,1.544
RU,1944,214.954,2.219
RU,1945,227.572,2.327
RU,1946,255.75,2.592
RU,1947,307.964,3.092
RU,1948,327.704,3.26
RU,1949,372.516,3.672
RU,1950,415.234,4.016
RU,1951,450.022,4.292
RU,1952,481.901,4.532
RU,1953,509.826,4.727
RU,1954,556.805,5.087
RU,1955,631.364,5.68
RU,1956,692.229,6.131
RU,1957,757.515,6.603
RU,1958,808.559,6.935
RU,1959,850.093,7.186
RU,1960,885.07,7.38
RU,1961,912.753,7.506
RU,1962,957.987,7.781
RU,1963,1027.4,8.256
RU,1964,1092.664,8.697
RU,1965,1159.119,9.153
RU,1966,1224.087,9.598
RU,1967,1279.969,9.973
RU,1968,1315.942,10.196
RU,1969,1370.468,10.561
RU,1970,1441.379,11.056
RU,1971,1529.596,11.677
RU,1972,1609.329,12.217
RU,1973,1677.296,12.661
RU,1974,1741.162,13.066
RU,1975,1830.213,13.644
RU,1976,1900.701,14.071
RU,1977,1965.35,14.447
RU,1978,2032.849,14.841
RU,1979,2049.709,14.873
RU,1980,2130.355,15.374
RU,1981,2089.791,14.997
RU,1982,2129.189,15.182
RU,1983,2159.389,15.279
RU,1984,2178.563,15.292
RU,1985,2349.517,16.365
RU,1986,2349.904,16.228
RU,1987,2358.795,16.14
RU,1988,2437.801,16.543
RU,1989,2405.697,16.224
RU,1990,2536.284,17.024
RU,1991,2407.642,16.11
RU,1992,1963.458,13.185
RU,1993,1866.525,12.6
RU,1994,1646.876,11.112
RU,1995,1618.286,10.913
RU,1996,1586.633,10.714
RU,1997,1481.964,10.023
RU,1998,1465.859,9.929
RU,1999,1494.088,10.147
RU,2000,1480.576,10.091
RU,2001,1518.081,10.389
RU,2002,1508.33,10.335
RU,2003,1539.006,10.556
RU,2004,1545.353,10.644
RU,2005,1563.98,10.816
RU,2006,1623.428,11.266
RU,2007,1624.315,11.291
RU,2008,1652.731,11.492
RU,2009,1545.236,10.741
RU,2010,1633.147,11.346
RU,2011,1684.989,11.698
RU,2012,1700.104,11.782
RU,2013,1637.547,11.324
RU,2014,1637.311,11.298
RU,2015,1635.244,11.254
RU,2016,1629.328,11.177
RU,2017,1661.012,11.362
RU,2018,1709.91,11.677
RU,2019,1704.459,11.632
RU,2020,1631.902,11.149
RU,2021,1674.524,11.482
RU,2022,1675.461,11.509
RU,2023,1733.135,11.916
RU,2024,1780.524,12.295
SG,1950,1.914,1.889
SG,1951,2.826,2.646
SG,1952,3.441,3.056
SG,1953,3.482,2.932
SG,1954,3.771,3.012
SG,1955,4.053,3.07
SG,1956,4.096,2.945
SG,1957,1.729,1.186
SG,1958,2.297,1.516
SG,1959,1.799,1.148
SG,1960,1.392,0.86
SG,1961,2.092,1.252
SG,1962,2.513,1.46
SG,1963,3.301,1.864
SG,1964,3.602,1.977
SG,1965,2.426,1.297
SG,1966,0.479,0.25
SG,1967,2.821,1.435
SG,1968,5.133,2.554
SG,1969,6.888,3.357
SG,1970,17.833,8.526
SG,1971,16.275,7.647
SG,1972,21.72,10.035
SG,1973,20.691,9.404
SG,1974,21.427,9.587
SG,1975,23.864,10.519
SG,1976,29.338,12.751
SG,1977,27.612,11.843
SG,1978,32.463,13.752
SG,1979,35.42,14.831
SG,1980,30.433,12.485
SG,1981,25.707,10.153
SG,1982,28.382,10.802
SG,1983,33.397,12.434
SG,1984,31.969,11.749
SG,1985,32.397,11.845
SG,1986,34.101,12.424
SG,1987,31.811,11.436
SG,1988,35.281,12.383
SG,1989,41.004,13.953
SG,1990,43.536,14.323
SG,1991,44.235,14.104
SG,1992,47.441,14.704
SG,1993,49.662,14.968
SG,1994,60.086,17.58
SG,1995,40.546,11.474
SG,1996,48.013,13.102
SG,1997,56.737,14.944
SG,1998,47.412,12.153
SG,1999,49.2,12.404
SG,2000,37.369,9.261
SG,2001,38.525,9.359
SG,2002,40.208,9.696
SG,2003,39.534,9.553
SG,2004,41.0,9.826
SG,2005,39.6,9.278
SG,2006,40.6,9.212
SG,2007,41.1,8.942
SG,2008,40.2,8.363
SG,2009,40.8,8.212
SG,2010,44.4,8.745
SG,2011,47.0,9.069
SG,2012,46.1,8.709
SG,2013,47.0,8.727
SG,2014,47.6,8.721
SG,2015,49.4,8.941
SG,2016,49.1,8.803
SG,2017,50.1,8.94
SG,2018,50.3,8.927
SG,2019,49.0,8.643
SG,2020,46.7,8.309
SG,2021,50.1,9.033
SG,2022,48.934,8.661
SG,2023,51.068,8.821
SG,2024,53.919,9.245
ZA,1900,2.33,0.451
ZA,1901,3.909,0.746
ZA,1902,5.826,1.095
ZA,1903,7.782,1.437
ZA,1904,8.768,1.592
ZA,1905,10.028,1.79
ZA,1906,11.465,2.012
ZA,1907,12.652,2.183
ZA,1908,13.007,2.207
ZA,1909,14.975,2.499
ZA,1910,16.979,2.786
ZA,1911,16.341,2.638
ZA,1912,17.349,2.756
ZA,1913,18.983,2.967
ZA,1914,18.401,2.83
ZA,1915,18.511,2.802
ZA,1916,21.812,3.249
ZA,1917,23.34,3.421
ZA,1918,22.222,3.208
ZA,1919,23.138,3.285
ZA,1920,25.666,3.581
ZA,1921,25.414,3.48
ZA,1922,21.786,2.925
ZA,1923,26.443,3.477
ZA,1924,27.777,3.577
ZA,1925,28.953,3.652
ZA,1926,30.43,3.759
ZA,1927,29.561,3.576
ZA,1928,29.623,3.51
ZA,1929,30.769,3.572
ZA,1930,28.722,3.266
ZA,1931,25.567,2.849
ZA,1932,23.456,2.562
ZA,1933,25.332,2.712
ZA,1934,28.871,3.03
ZA,1935,32.157,3.308
ZA,1936,35.252,3.554
ZA,1937,36.816,3.639
ZA,1938,38.699,3.749
ZA,1939,40.157,3.814
ZA,1940,41.517,3.867
ZA,1941,44.327,4.049
ZA,1942,48.423,4.339
ZA,1943,48.764,4.288
ZA,1944,54.567,4.707
ZA,1945,55.868,4.729
ZA,1946,56.043,4.654
ZA,1947,55.834,4.55
ZA,1948,57.098,4.565
ZA,1949,60.586,4.747
ZA,1950,60.914,4.672
ZA,1951,65.068,4.889
ZA,1952,70.832,5.21
ZA,1953,70.974,5.109
ZA,1954,73.879,5.201
ZA,1955,82.929,5.706
ZA,1956,87.252,5.863
ZA,1957,89.644,5.88
ZA,1958,96.253,6.162
ZA,1959,94.473,5.899
ZA,1960,97.847,5.952
ZA,1961,102.12,6.04
ZA,1962,105.67,6.067
ZA,1963,109.725,6.111
ZA,1964,119.546,6.458
ZA,1965,128.14,6.713
ZA,1966,128.235,6.513
ZA,1967,133.76,6.585
ZA,1968,137.954,6.583
ZA,1969,143.143,6.622
ZA,1970,149.622,6.716
ZA,1971,168.407,7.341
ZA,1972,171.557,7.266
ZA,1973,173.352,7.136
ZA,1974,176.548,7.065
ZA,1975,185.005,7.201
ZA,1976,192.909,7.308
ZA,1977,199.738,7.365
ZA,1978,201.88,7.244
ZA,1979,218.671,7.637
ZA,1980,228.201,7.731
ZA,1981,257.079,8.417
ZA,1982,280.437,8.87
ZA,1983,291.906,8.916
ZA,1984,315.597,9.312
ZA,1985,323.865,9.242
ZA,1986,330.501,9.135
ZA,1987,328.672,8.805
ZA,1988,342.662,8.905
ZA,1989,340.715,8.598
ZA,1990,312.934,7.68
ZA,1991,326.03,7.821
ZA,1992,301.329,7.1
ZA,1993,320.353,7.399
ZA,1994,338.701,7.697
ZA,1995,361.712,8.121
ZA,1996,363.732,8.061
ZA,1997,385.215,8.435
ZA,1998,377.273,8.162
ZA,1999,374.869,8.022
ZA,2000,378.333,8.022
ZA,2001,371.602,7.812
ZA,2002,356.501,7.424
ZA,2003,404.406,8.338
ZA,2004,449.322,9.171
ZA,2005,416.205,8.41
ZA,2006,446.744,8.935
ZA,2007,465.034,9.203
ZA,2008,494.673,9.678
ZA,2009,474.512,9.173
ZA,2010,467.353,8.928
ZA,2011,474.273,8.949
ZA,2012,461.438,8.58
ZA,2013,456.188,8.343
ZA,2014,481.638,8.663
ZA,2015,457.473,8.065
ZA,2016,457.05,7.982
ZA,2017,440.01,7.634
ZA,2018,453.766,7.742
ZA,2019,470.727,7.9
ZA,2020,435.298,7.188
ZA,2021,439.464,7.145
ZA,2022,428.782,6.874
ZA,2023,436.604,6.907
ZA,2024,439.831,6.872
ES,1900,11.219,0.603
ES,1901,11.805,0.631
ES,1902,12.337,0.656
ES,1903,12.175,0.643
ES,1904,12.993,0.681
ES,1905,13.571,0.707
ES,1906,13.861,0.717
ES,1907,14.095,0.724
ES,1908,14.784,0.755
ES,1909,15.165,0.769
ES,1910,14.894,0.75
ES,1911,14.729,0.737
ES,1912,15.982,0.794
ES,1913,17.419,0.86
ES,1914,17.301,0.848
ES,1915,15.312,0.746
ES,1916,17.866,0.864
ES,1917,15.85,0.762
ES,1918,16.733,0.799
ES,1919,15.927,0.755
ES,1920,14.055,0.661
ES,1921,14.847,0.692
ES,1922,14.942,0.69
ES,1923,17.213,0.787
ES,1924,18.39,0.832
ES,1925,19.053,0.854
ES,1926,18.379,0.816
ES,1927,21.445,0.942
ES,1928,21.509,0.936
ES,1929,23.97,1.033
ES,1930,23.636,1.008
ES,1931,22.531,0.952
ES,1932,21.176,0.886
ES,1933,18.706,0.776
ES,1934,20.245,0.832
ES,1935,22.455,0.914
ES,1936,8.055,0.325
ES,1937,5.245,0.209
ES,1938,13.221,0.523
ES,1939,15.714,0.616
ES,1940,21.619,0.84
ES,1941,21.508,0.828
ES,1942,23.058,0.88
ES,1943,23.849,0.902
ES,1944,25.791,0.967
ES,1945,28.267,1.051
ES,1946,28.087,1.036
ES,1947,31.172,1.14
ES,1948,32.714,1.186
ES,1949,35.755,1.285
ES,1950,33.014,1.176
ES,1951,33.06,1.172
ES,1952,37.555,1.322
ES,1953,38.902,1.359
ES,1954,39.695,1.376
ES,1955,40.257,1.384
ES,1956,42.322,1.443
ES,1957,50.213,1.698
ES,1958,55.865,1.872
ES,1959,52.075,1.728
ES,1960,48.862,1.607
ES,1961,53.603,1.746
ES,1962,59.976,1.932
ES,1963,58.743,1.872
ES,1964,64.324,2.026
ES,1965,71.02,2.212
ES,1966,77.617,2.391
ES,1967,86.394,2.632
ES,1968,97.006,2.925
ES,1969,96.729,2.888
ES,1970,116.766,3.453
ES,1971,128.459,3.761
ES,1972,144.716,4.19
ES,1973,154.957,4.437
ES,1974,172.666,4.883
ES,1975,181.054,5.058
ES,1976,197.749,5.466
ES,1977,194.829,5.33
ES,1978,199.514,5.406
ES,1979,202.747,5.446
ES,1980,213.915,5.699
ES,1981,206.1,5.451
ES,1982,208.595,5.483
ES,1983,203.446,5.318
ES,1984,197.708,5.144
ES,1985,199.943,5.18
ES,1986,189.124,4.882
ES,1987,189.515,4.878
ES,1988,197.462,5.069
ES,1989,224.893,5.762
ES,1990,229.383,5.869
ES,1991,239.291,6.104
ES,1992,247.687,6.283
ES,1993,239.099,6.03
ES,1994,251.388,6.307
ES,1995,265.069,6.618
ES,1996,252.562,6.277
ES,1997,264.899,6.553
ES,1998,273.65,6.737
ES,1999,297.025,7.278
ES,2000,309.26,7.539
ES,2001,311.031,7.541
ES,2002,331.028,7.928
ES,2003,335.539,7.894
ES,2004,352.139,8.145
ES,2005,367.447,8.359
ES,2006,358.869,8.029
ES,2007,366.469,8.051
ES,2008,335.284,7.252
ES,2009,296.159,6.351
ES,2010,282.585,6.033
ES,2011,283.275,6.027
ES,2012,277.432,5.901
ES,2013,252.109,5.38
ES,2014,253.658,5.429
ES,2015,270.248,5.789
ES,2016,259.555,5.554
ES,2017,273.484,5.835
ES,2018,268.521,5.702
ES,2019,250.674,5.285
ES,2020,211.765,4.441
ES,2021,228.806,4.793
ES,2022,234.223,4.897
ES,2023,215.461,4.497
ES,2024,220.341,4.599
LK,1950,1.627,0.208
LK,1951,1.546,0.194
LK,1952,1.938,0.239
LK,1953,2.066,0.25
LK,1954,1.784,0.211
LK,1955,1.663,0.193
LK,1956,1.418,0.161
LK,1957,2.319,0.258
LK,1958,1.949,0.212
LK,1959,2.055,0.218
LK,1960,2.257,0.234
LK,1961,2.334,0.236
LK,1962,2.561,0.252
LK,1963,2.532,0.244
LK,1964,2.271,0.213
LK,1965,2.656,0.243
LK,1966,2.66,0.238
LK,1967,2.945,0.257
LK,1968,3.238,0.276
LK,1969,4.315,0.359
LK,1970,3.593,0.292
LK,1971,3.19,0.254
LK,1972,3.532,0.276
LK,1973,3.674,0.281
LK,1974,2.914,0.219
LK,1975,2.878,0.212
LK,1976,2.781,0.202
LK,1977,2.896,0.206
LK,1978,3.409,0.238
LK,1979,3.78,0.259
LK,1980,3.36,0.226
LK,1981,3.972,0.263
LK,1982,4.432,0.29
LK,1983,4.826,0.314
LK,1984,3.823,0.248
LK,1985,3.88,0.25
LK,1986,3.623,0.23
LK,1987,3.988,0.251
LK,1988,3.43,0.213
LK,1989,3.42,0.21
LK,1990,3.802,0.233
LK,1991,4.107,0.249
LK,1992,5.036,0.301
LK,1993,4.912,0.289
LK,1994,5.342,0.309
LK,1995,5.717,0.325
LK,1996,6.863,0.383
LK,1997,7.401,0.406
LK,1998,7.621,0.41
LK,1999,8.381,0.442
LK,2000,9.99,0.518
LK,2001,10.158,0.518
LK,2002,10.787,0.545
LK,2003,10.761,0.539
LK,2004,11.908,0.593
LK,2005,11.67,0.577
LK,2006,11.503,0.565
LK,2007,11.844,0.578
LK,2008,11.648,0.565
LK,2009,12.572,0.606
LK,2010,12.697,0.608
LK,2011,14.476,0.689
LK,2012,15.389,0.727
LK,2013,14.143,0.662
LK,2014,17.076,0.792
LK,2015,19.179,0.883
LK,2016,22.339,1.02
LK,2017,22.168,1.004
LK,2018,20.137,0.905
LK,2019,21.106,0.942
LK,2020,20.412,0.905
LK,2021,20.823,0.917
LK,2022,18.377,0.805
LK,2023,19.166,0.834
LK,2024,20.826,0.901
SE,1900,9.171,1.79
SE,1901,8.522,1.653
SE,1902,8.926,1.72
SE,1903,9.805,1.877
SE,1904,10.325,1.964
SE,1905,10.164,1.922
SE,1906,11.292,2.121
SE,1907,12.773,2.384
SE,1908,13.755,2.552
SE,1909,12.67,2.335
SE,1910,13.117,2.401
SE,1911,12.793,2.325
SE,1912,14.188,2.56
SE,1913,15.953,2.857
SE,1914,14.985,2.663
SE,1915,15.102,2.663
SE,1916,15.932,2.789
SE,1917,6.904,1.199
SE,1918,8.115,1.399
SE,1919,7.797,1.335
SE,1920,10.542,1.794
SE,1921,6.133,1.038
SE,1922,10.127,1.705
SE,1923,12.294,2.061
SE,1924,14.642,2.445
SE,1925,13.12,2.181
SE,1926,12.769,2.114
SE,1927,17.875,2.947
SE,1928,16.245,2.667
SE,1929,19.37,3.167
SE,1930,18.932,3.083
SE,1931,18.944,3.073
SE,1932,18.737,3.028
SE,1933,19.517,3.143
SE,1934,21.733,3.487
SE,1935,22.864,3.655
SE,1936,25.048,3.99
SE,1937,28.942,4.593
SE,1938,26.135,4.133
SE,1939,29.3,4.611
SE,1940,18.475,2.89
SE,1941,15.042,2.335
SE,1942,13.022,2.004
SE,1943,15.836,2.414
SE,1944,12.442,1.878
SE,1945,4.549,0.68
SE,1946,17.376,2.571
SE,1947,25.092,3.677
SE,1948,30.801,4.469
SE,1949,26.832,3.858
SE,1950,28.659,4.084
SE,1951,33.481,4.734
SE,1952,34.565,4.851
SE,1953,32.56,4.54
SE,1954,34.505,4.783
SE,1955,39.107,5.385
SE,1956,43.383,5.93
SE,1957,38.847,5.273
SE,1958,42.075,5.675
SE,1959,42.392,5.687
SE,1960,49.171,6.57
SE,1961,48.803,6.49
SE,1962,51.273,6.781
SE,1963,55.313,7.274
SE,1964,60.368,7.88
SE,1965,62.566,8.091
SE,1966,72.517,9.29
SE,1967,68.93,8.763
SE,1968,77.61,9.809
SE,1969,86.385,10.841
SE,1970,92.287,11.475
SE,1971,84.509,10.436
SE,1972,84.703,10.428
SE,1973,87.29,10.727
SE,1974,79.823,9.781
SE,1975,80.76,9.858
SE,1976,88.241,10.732
SE,1977,85.74,10.391
SE,1978,79.477,9.603
SE,1979,84.869,10.233
SE,1980,71.714,8.629
SE,1981,69.389,8.34
SE,1982,62.257,7.478
SE,1983,58.268,6.996
SE,1984,57.308,6.874
SE,1985,62.364,7.469
SE,1986,62.01,7.409
SE,1987,59.695,7.109
SE,1988,57.425,6.807
SE,1989,55.521,6.537
SE,1990,57.417,6.709
SE,1991,57.664,6.692
SE,1992,57.51,6.635
SE,1993,57.517,6.597
SE,1994,59.997,6.833
SE,1995,59.487,6.74
SE,1996,63.349,7.166
SE,1997,58.355,6.597
SE,1998,58.767,6.64
SE,1999,55.937,6.315
SE,2000,54.892,6.187
SE,2001,55.782,6.27
SE,2002,56.634,6.345
SE,2003,57.221,6.387
SE,2004,56.428,6.274
SE,2005,53.787,5.957
SE,2006,53.651,5.908
SE,2007,52.879,5.78
SE,2008,50.765,5.506
SE,2009,47.143,5.07
SE,2010,53.029,5.654
SE,2011,49.114,5.198
SE,2012,46.607,4.896
SE,2013,45.106,4.698
SE,2014,43.385,4.474
SE,2015,43.31,4.42
SE,2016,43.308,4.364
SE,2017,42.355,4.211
SE,2018,41.856,4.113
SE,2019,40.772,3.967
SE,2020,36.622,3.537
SE,2021,38.568,3.703
SE,2022,36.342,3.465
SE,2023,36.709,3.479
SE,2024,38.097,3.592
TH,1931,0.029,0.002
TH,1932,0.025,0.002
TH,1933,0.022,0.002
TH,1934,0.025,0.002
TH,1935,0.025,0.002
TH,1936,0.029,0.002
TH,1937,0.036,0.002
TH,1938,0.04,0.003
TH,1939,0.047,0.003
TH,1940,0.058,0.004
TH,1941,0.058,0.004
TH,1943,0.033,0.002
TH,1944,0.015,0.001
TH,1947,0.029,0.002
TH,1948,0.04,0.002
TH,1949,0.062,0.003
TH,1950,0.956,0.047
TH,1951,1.091,0.052
TH,1952,1.278,0.059
TH,1953,1.644,0.074
TH,1954,2.05,0.09
TH,1955,2.373,0.102
TH,1956,2.618,0.109
TH,1957,2.922,0.118
TH,1958,3.017,0.119
TH,1959,3.321,0.127
TH,1960,3.709,0.138
TH,1961,4.141,0.15
TH,1962,5.029,0.177
TH,1963,5.564,0.19
TH,1964,7.474,0.247
TH,1965,7.445,0.239
TH,1966,9.471,0.295
TH,1967,12.157,0.368
TH,1968,17.083,0.502
TH,1969,14.549,0.416
TH,1970,15.362,0.427
TH,1971,19.213,0.52
TH,1972,21.771,0.574
TH,1973,24.357,0.625
TH,1974,24.116,0.604
TH,1975,24.254,0.592
TH,1976,28.564,0.682
TH,1977,31.878,0.744
TH,1978,34.76,0.794
TH,1979,36.396,0.814
TH,1980,39.751,0.871
TH,1981,37.541,0.806
TH,1982,37.357,0.787
TH,1983,41.785,0.863
TH,1984,45.155,0.915
TH,1985,47.865,0.952
TH,1986,48.97,0.957
TH,1987,53.814,1.033
TH,1988,60.732,1.147
TH,1989,71.696,1.331
TH,1990,86.563,1.581
TH,1991,95.045,1.708
TH,1992,105.513,1.867
TH,1993,121.855,2.123
TH,1994,136.87,2.349
TH,1995,153.65,2.6
TH,1996,173.566,2.897
TH,1997,181.203,2.984
TH,1998,159.704,2.596
TH,1999,167.235,2.684
TH,2000,167.352,2.656
TH,2001,172.267,2.706
TH,2002,184.665,2.873
TH,2003,191.088,2.946
TH,2004,207.331,3.168
TH,2005,214.325,3.246
TH,2006,215.825,3.242
TH,2007,224.083,3.339
TH,2008,224.249,3.316
TH,2009,228.836,3.359
TH,2010,241.019,3.514
TH,2011,244.878,3.549
TH,2012,262.348,3.778
TH,2013,263.754,3.776
TH,2014,272.488,3.881
TH,2015,277.099,3.928
TH,2016,284.045,4.009
TH,2017,283.348,3.982
TH,2018,288.305,4.039
TH,2019,281.877,3.941
TH,2020,271.923,3.796
TH,2021,267.142,3.724
TH,2022,272.573,3.8
TH,2023,264.734,3.692
TH,2024,267.76,3.736
TR,1900,1.037,0.074
TR,1901,0.949,0.068
TR,1902,1.048,0.074
TR,1903,1.205,0.085
TR,1904,1.367,0.096
TR,1905,1.532,0.106
TR,1906,1.579,0.109
TR,1907,1.88,0.129
TR,1908,1.722,0.118
TR,1909,1.957,0.133
TR,1910,1.883,0.128
TR,1911,2.228,0.152
TR,1912,1.997,0.137
TR,1913,2.037,0.141
TR,1914,1.663,0.116
TR,1915,1.037,0.073
TR,1916,0.513,0.036
TR,1917,0.392,0.028
TR,1918,0.458,0.033
TR,1919,0.938,0.068
TR,1920,1.403,0.102
TR,1921,0.843,0.061
TR,1922,1.011,0.073
TR,1923,1.473,0.105
TR,1924,2.451,0.174
TR,1925,2.367,0.167
TR,1926,3.008,0.211
TR,1927,3.279,0.228
TR,1928,3.125,0.216
TR,1929,3.55,0.243
TR,1930,3.972,0.268
TR,1931,3.938,0.262
TR,1932,4.001,0.262
TR,1933,4.664,0.301
TR,1934,5.792,0.367
TR,1935,5.935,0.369
TR,1936,5.865,0.358
TR,1937,4.246,0.255
TR,1938,4.634,0.273
TR,1939,4.905,0.284
TR,1940,5.469,0.311
TR,1941,5.619,0.315
TR,1942,4.946,0.272
TR,1943,6.118,0.331
TR,1944,7.023,0.373
TR,1945,7.089,0.371
TR,1946,7.023,0.361
TR,1947,7.477,0.378
TR,1948,7.7,0.383
TR,1949,7.968,0.388
TR,1950,9.488,0.451
TR,1951,10.184,0.471
TR,1952,10.474,0.47
TR,1953,12.965,0.565
TR,1954,13.433,0.568
TR,1955,13.619,0.56
TR,1956,14.362,0.573
TR,1957,15.97,0.617
TR,1958,16.035,0.6
TR,1959,17.192,0.625
TR,1960,16.799,0.593
TR,1961,17.341,0.596
TR,1962,21.605,0.722
TR,1963,22.64,0.737
TR,1964,26.306,0.834
TR,1965,27.353,0.846
TR,1966,31.506,0.95
TR,1967,33.479,0.983
TR,1968,36.265,1.038
TR,1969,38.753,1.083
TR,1970,42.579,1.162
TR,1971,47.644,1.27
TR,1972,53.736,1.398
TR,1973,59.332,1.509
TR,1974,60.961,1.516
TR,1975,65.463,1.595
TR,1976,73.42,1.752
TR,1977,81.2,1.898
TR,1978,76.814,1.76
TR,1979,75.139,1.688
TR,1980,75.318,1.659
TR,1981,79.321,1.712
TR,1982,86.361,1.825
TR,1983,89.956,1.857
TR,1984,95.093,1.918
TR,1985,105.878,2.089
TR,1986,115.872,2.238
TR,1987,128.748,2.436
TR,1988,125.065,2.32
TR,1989,137.933,2.509
TR,1990,154.572,2.759
TR,1991,161.126,2.826
TR,1992,167.234,2.884
TR,1993,174.291,2.954
TR,1994,170.592,2.842
TR,1995,184.675,3.026
TR,1996,203.098,3.278
TR,1997,215.512,3.429
TR,1998,215.586,3.383
TR,1999,211.238,3.27
TR,2000,232.934,3.56
TR,2001,216.872,3.274
TR,2002,224.32,3.346
TR,2003,239.849,3.536
TR,2004,247.843,3.613
TR,2005,267.711,3.861
TR,2006,285.429,4.075
TR,2007,316.497,4.473
TR,2008,312.628,4.369
TR,2009,318.568,4.396
TR,2010,318.71,4.345
TR,2011,344.215,4.638
TR,2012,358.645,4.769
TR,2013,350.634,4.589
TR,2014,367.272,4.706
TR,2015,387.704,4.845
TR,2016,405.552,4.967
TR,2017,430.622,5.183
TR,2018,423.818,5.021
TR,2019,406.568,4.763
TR,2020,416.328,4.836
TR,2021,457.377,5.276
TR,2022,443.603,5.095
TR,2023,486.945,5.58
TR,2024,513.035,5.865
AE,1959,0.011,0.088
AE,1960,0.011,0.084
AE,1961,0.011,0.08
AE,1962,0.018,0.126
AE,1963,0.022,0.144
AE,1964,0.018,0.115
AE,1965,0.022,0.132
AE,1966,0.026,0.147
AE,1967,0.916,5.097
AE,1968,1.242,6.228
AE,1969,20.507,85.563
AE,1970,15.235,53.166
AE,1971,21.167,63.177
AE,1972,23.435,60.866
AE,1973,30.605,70.13
AE,1974,31.302,63.999
AE,1975,31.045,57.187
AE,1976,39.618,64.328
AE,1977,38.753,54.565
AE,1978,44.769,55.319
AE,1979,36.568,40.095
AE,1980,36.859,36.289
AE,1981,36.81,33.468
AE,1982,36.818,31.566
AE,1983,35.289,28.567
AE,1984,46.306,35.456
AE,1985,49.828,36.162
AE,1986,47.156,32.136
AE,1987,47.606,30.24
AE,1988,48.274,28.704
AE,1989,54.384,30.385
AE,1990,51.908,27.346
AE,1991,56.896,28.354
AE,1992,58.005,27.429
AE,1993,65.832,29.626
AE,1994,75.35,32.364
AE,1995,72.874,29.932
AE,1996,75.836,29.195
AE,1997,73.298,26.016
AE,1998,80.625,26.517
AE,1999,77.844,23.835
AE,2000,112.277,32.138
AE,2001,101.896,27.365
AE,2002,85.213,21.536
AE,2003,107.106,25.547
AE,2004,112.469,25.394
AE,2005,115.273,24.711
AE,2006,122.723,24.5
AE,2007,134.103,23.842
AE,2008,155.03,24.598
AE,2009,169.088,25.21
AE,2010,185.848,26.786
AE,2011,198.518,27.574
AE,2012,208.324,27.787
AE,2013,214.188,27.348
AE,2014,214.53,26.045
AE,2015,225.045,25.943
AE,2016,227.898,25.235
AE,2017,196.493,21.279
AE,2018,204.105,21.837
AE,2019,204.058,21.76
AE,2020,215.266,22.783
AE,2021,212.173,21.675
AE,2022,207.103,20.221
AE,2023,210.425,19.773
AE,2024,221.988,20.131
GB,1900,419.741,10.215
GB,1901,410.701,9.906
GB,1902,426.64,10.2
GB,1903,429.985,10.191
GB,1904,431.993,10.15
GB,1905,437.672,10.194
GB,1906,453.35,10.467
GB,1907,473.568,10.839
GB,1908,461.964,10.482
GB,1909,466.086,10.493
GB,1910,469.732,10.503
GB,1911,481.351,10.699
GB,1912,455.886,10.082
GB,1913,498.322,10.975
GB,1914,483.183,10.598
GB,1915,489.481,10.692
GB,1916,507.072,11.03
GB,1917,501.169,10.857
GB,1918,466.849,10.072
GB,1919,456.131,9.812
GB,1920,480.472,10.318
GB,1921,332.188,7.131
GB,1922,439.608,9.444
GB,1923,466.067,10.034
GB,1924,488.24,10.533
GB,1925,460.999,9.965
GB,1926,261.066,5.655
GB,1927,481.344,10.448
GB,1928,454.453,9.885
GB,1929,478.206,10.408
GB,1930,460.805,10.022
GB,1931,430.979,9.353
GB,1932,414.565,8.964
GB,1933,412.269,8.87
GB,1934,445.277,9.532
GB,1935,451.206,9.61
GB,1936,476.535,10.099
GB,1937,491.703,10.368
GB,1938,472.756,9.919
GB,1939,474.289,9.904
GB,1940,500.083,10.395
GB,1941,499.796,10.344
GB,1942,492.996,10.162
GB,1943,490.219,10.065
GB,1944,489.67,10.015
GB,1945,453.074,9.231
GB,1946,464.412,9.426
GB,1947,485.232,9.81
GB,1948,503.51,10.14
GB,1949,507.552,10.181
GB,1950,499.228,9.96
GB,1951,543.791,10.801
GB,1952,527.413,10.445
GB,1953,539.101,10.627
GB,1954,552.031,10.833
GB,1955,576.12,11.257
GB,1956,573.745,11.162
GB,1957,570.249,11.039
GB,1958,555.993,10.705
GB,1959,546.364,10.461
GB,1960,583.903,11.114
GB,1961,588.578,11.129
GB,1962,592.92,11.13
GB,1963,603.382,11.246
GB,1964,607.866,11.255
GB,1965,622.115,11.445
GB,1966,618.078,11.304
GB,1967,592.064,10.77
GB,1968,606.496,10.979
GB,1969,628.39,11.331
GB,1970,652.585,11.724
GB,1971,660.396,11.816
GB,1972,648.034,11.556
GB,1973,659.584,11.739
GB,1974,617.187,10.977
GB,1975,603.254,10.73
GB,1976,598.533,10.65
GB,1977,604.369,10.759
GB,1978,604.728,10.765
GB,1979,644.509,11.464
GB,1980,579.039,10.288
GB,1981,560.547,9.956
GB,1982,548.229,9.739
GB,1983,545.474,9.683
GB,1984,529.097,9.373
GB,1985,559.635,9.886
GB,1986,568.569,10.018
GB,1987,571.649,10.049
GB,1988,570.279,10.0
GB,1989,581.561,10.17
GB,1990,601.945,10.493
GB,1991,609.413,10.588
GB,1992,593.846,10.289
GB,1993,579.613,10.017
GB,1994,574.017,9.896
GB,1995,566.159,9.735
GB,1996,586.761,10.065
GB,1997,562.708,9.628
GB,1998,568.544,9.698
GB,1999,561.65,9.546
GB,2000,569.034,9.635
GB,2001,577.971,9.749
GB,2002,560.273,9.41
GB,2003,571.619,9.556
GB,2004,573.43,9.53
GB,2005,570.338,9.412
GB,2006,567.846,9.301
GB,2007,559.566,9.093
GB,2008,544.932,8.785
GB,2009,494.108,7.905
GB,2010,511.905,8.125
GB,2011,469.713,7.396
GB,2012,487.477,7.622
GB,2013,477.611,7.418
GB,2014,438.807,6.765
GB,2015,422.461,6.461
GB,2016,399.43,6.062
GB,2017,387.367,5.838
GB,2018,379.73,5.689
GB,2019,364.753,5.435
GB,2020,326.263,4.844
GB,2021,342.366,5.059
GB,2022,311.118,4.563
GB,2023,307.826,4.482
GB,2024,312.906,4.526
US,1900,664.132,8.875
US,1901,723.192,9.485
US,1902,766.652,9.867
US,1903,896.953,11.327
US,1904,884.803,10.963
US,1905,989.991,12.036
US,1906,1039.964,12.406
US,1907,1208.486,14.145
US,1908,1057.522,12.145
US,1909,1171.651,13.217
US,1910,1278.53,14.182
US,1911,1265.776,13.821
US,1912,1351.018,14.535
US,1913,1450.855,15.397
US,1914,1325.944,13.879
US,1915,1375.452,14.201
US,1916,1527.24,15.553
US,1917,1679.331,16.869
US,1918,1754.117,17.373
US,1919,1486.433,14.513
US,1920,1747.167,16.816
US,1921,1432.479,13.59
US,1922,1446.013,13.521
US,1923,1909.034,17.592
US,1924,1711.687,15.545
US,1925,1758.185,15.736
US,1926,1906.048,16.812
US,1927,1862.839,16.193
US,1928,1830.965,15.685
US,1929,1963.506,16.603
US,1930,1744.916,14.586
US,1931,1484.959,12.29
US,1932,1257.814,10.322
US,1933,1348.877,10.992
US,1934,1436.239,11.622
US,1935,1492.321,11.991
US,1936,1713.412,13.672
US,1937,1792.61,14.204
US,1938,1515.75,11.927
US,1939,1670.92,13.038
US,1940,1874.985,14.488
US,1941,2043.585,15.616
US,1942,2198.265,16.59
US,1943,2272.059,16.911
US,1944,2444.904,17.948
US,1945,2359.552,17.084
US,1946,2257.494,16.121
US,1947,2485.854,17.509
US,1948,2582.559,17.94
US,1949,2164.862,14.823
US,1950,2541.485,16.481
US,1951,2618.704,16.735
US,1952,2551.216,16.066
US,1953,2612.971,16.213
US,1954,2489.462,15.213
US,1955,2728.508,16.417
US,1956,2859.988,16.941
US,1957,2835.772,16.535
US,1958,2747.108,15.768
US,1959,2831.908,15.986
US,1960,2897.308,16.072
US,1961,2886.862,15.733
US,1962,2993.898,16.034
US,1963,3126.484,16.47
US,1964,3264.306,16.929
US,1965,3399.539,17.375
US,1966,3571.417,18.013
US,1967,3705.461,18.463
US,1968,3840.923,18.92
US,1969,4035.156,19.655
US,1970,4339.704,20.884
US,1971,4365.483,20.746
US,1972,4573.034,21.486
US,1973,4777.725,22.221
US,1974,4608.462,21.23
US,1975,4414.455,20.145
US,1976,4621.539,20.896
US,1977,4749.501,21.273
US,1978,4897.339,21.728
US,1979,4908.766,21.57
US,1980,4730.218,20.579
US,1981,4543.633,19.568
US,1982,4311.918,18.381
US,1983,4346.381,18.34
US,1984,4479.379,18.714
US,1985,4495.378,18.6
US,1986,4498.136,18.438
US,1987,4691.93,19.06
US,1988,4897.776,19.718
US,1989,4960.238,19.788
US,1990,5131.761,20.254
US,1991,5076.413,19.793
US,1992,5178.77,19.949
US,1993,5279.52,20.102
US,1994,5361.863,20.197
US,1995,5425.837,20.23
US,1996,5601.094,20.679
US,1997,5673.144,20.745
US,1998,5736.36,20.775
US,1999,5800.281,20.806
US,2000,6023.158,21.398
US,2001,5903.562,20.767
US,2002,5947.819,20.718
US,2003,6006.44,20.718
US,2004,6111.545,20.874
US,2005,6126.903,20.719
US,2006,6045.326,20.237
US,2007,6121.542,20.28
US,2008,5919.221,19.409
US,2009,5486.104,17.811
US,2010,5669.25,18.225
US,2011,5538.973,17.634
US,2012,5331.467,16.812
US,2013,5473.436,17.099
US,2014,5531.385,17.119
US,2015,5368.497,16.461
US,2016,5245.362,15.935
US,2017,5195.417,15.639
US,2018,5361.236,16.001
US,2019,5235.912,15.5
US,2020,4689.954,13.817
US,2021,5020.111,14.758
US,2022,5055.403,14.802
US,2023,4918.407,14.319
US,2024,4904.12,14.197
